,venueId,phuong,district,city,categoryId,start_time,end_time
0,v-001,Tân Hưng,7,Hồ Chí Minh,a1f3b6e4-2c9a-4c1b-b8a2-9c0d4fe71201,05:00,22:00
1,v-001,Tân Hưng,7,Hồ Chí Minh,a1f3b6e4-2c9a-4c1b-b8a2-9c0d4fe71201,05:00,22:00
2,v-001,Tân Hưng,7,Hồ Chí Minh,a1f3b6e4-2c9a-4c1b-b8a2-9c0d4fe71201,05:00,22:00
3,v-002,Phước Kiển,Nhà Bè,Hồ Chí Minh,a1f3b6e4-2c9a-4c1b-b8a2-9c0d4fe71201,05:00,22:00
4,v-002,Phước Kiển,Nhà Bè,Hồ Chí Minh,a1f3b6e4-2c9a-4c1b-b8a2-9c0d4fe71201,05:00,22:00
5,v-002,Phước Kiển,Nhà Bè,Hồ Chí Minh,a1f3b6e4-2c9a-4c1b-b8a2-9c0d4fe71201,05:00,22:00
6,v-002,Phước Kiển,Nhà Bè,Hồ Chí Minh,a1f3b6e4-2c9a-4c1b-b8a2-9c0d4fe71201,05:00,22:00
7,v-002,Phước Kiển,Nhà Bè,Hồ Chí Minh,a1f3b6e4-2c9a-4c1b-b8a2-9c0d4fe71201,05:00,22:00
8,v-003,16,8,Hồ Chí Minh,e3a7b9d9-5c2f-4d33-b4c4-33f1d765cd04,05:00,22:00
9,v-003,16,8,Hồ Chí Minh,a1f3b6e4-2c9a-4c1b-b8a2-9c0d4fe71201,05:00,22:00
10,v-003,16,8,Hồ Chí Minh,e3a7b9d9-5c2f-4d33-b4c4-33f1d765cd04,05:00,22:00
11,v-003,16,8,Hồ Chí Minh,e3a7b9d9-5c2f-4d33-b4c4-33f1d765cd04,05:00,22:00
12,v-004,15,Tân Bình,Hồ Chí Minh,a1f3b6e4-2c9a-4c1b-b8a2-9c0d4fe71201,05:00,22:00
13,v-004,15,Tân Bình,Hồ Chí Minh,a1f3b6e4-2c9a-4c1b-b8a2-9c0d4fe71201,05:00,22:00
14,v-004,15,Tân Bình,Hồ Chí Minh,a1f3b6e4-2c9a-4c1b-b8a2-9c0d4fe71201,05:00,22:00
15,v-005,Thị trấn Hóc Môn,Hóc Môn,Hồ Chí Minh,a1f3b6e4-2c9a-4c1b-b8a2-9c0d4fe71201,05:00,22:00
16,v-005,Thị trấn Hóc Môn,Hóc Môn,Hồ Chí Minh,a1f3b6e4-2c9a-4c1b-b8a2-9c0d4fe71201,05:00,22:00
17,v-005,Thị trấn Hóc Môn,Hóc Môn,Hồ Chí Minh,a1f3b6e4-2c9a-4c1b-b8a2-9c0d4fe71201,05:00,22:00
18,v-005,Thị trấn Hóc Môn,Hóc Môn,Hồ Chí Minh,a1f3b6e4-2c9a-4c1b-b8a2-9c0d4fe71201,05:00,22:00
19,v-005,Thị trấn Hóc Môn,Hóc Môn,Hồ Chí Minh,a1f3b6e4-2c9a-4c1b-b8a2-9c0d4fe71201,05:00,22:00
20,v-006,Thị trấn Hóc Môn,Hóc Môn,Hồ Chí Minh,a1f3b6e4-2c9a-4c1b-b8a2-9c0d4fe71201,05:00,22:00
21,v-006,Thị trấn Hóc Môn,Hóc Môn,Hồ Chí Minh,a1f3b6e4-2c9a-4c1b-b8a2-9c0d4fe71201,05:00,22:00
22,v-006,Thị trấn Hóc Môn,Hóc Môn,Hồ Chí Minh,e3a7b9d9-5c2f-4d33-b4c4-33f1d765cd04,05:00,22:00
23,v-006,Thị trấn Hóc Môn,Hóc Môn,Hồ Chí Minh,a1f3b6e4-2c9a-4c1b-b8a2-9c0d4fe71201,05:00,22:00
24,v-006,Thị trấn Hóc Môn,Hóc Môn,Hồ Chí Minh,e3a7b9d9-5c2f-4d33-b4c4-33f1d765cd04,05:00,22:00
25,v-007,Thới Tam Thôn,Hóc Môn,Hồ Chí Minh,a1f3b6e4-2c9a-4c1b-b8a2-9c0d4fe71201,05:00,22:00
26,v-007,Thới Tam Thôn,Hóc Môn,Hồ Chí Minh,e3a7b9d9-5c2f-4d33-b4c4-33f1d765cd04,05:00,22:00
27,v-007,Thới Tam Thôn,Hóc Môn,Hồ Chí Minh,a1f3b6e4-2c9a-4c1b-b8a2-9c0d4fe71201,05:00,22:00
28,v-007,Thới Tam Thôn,Hóc Môn,Hồ Chí Minh,e3a7b9d9-5c2f-4d33-b4c4-33f1d765cd04,05:00,22:00
29,v-007,Thới Tam Thôn,Hóc Môn,Hồ Chí Minh,a1f3b6e4-2c9a-4c1b-b8a2-9c0d4fe71201,05:00,22:00
30,v-008,12,Tân Bình,Hồ Chí Minh,e3a7b9d9-5c2f-4d33-b4c4-33f1d765cd04,05:00,22:00
31,v-008,12,Tân Bình,Hồ Chí Minh,e3a7b9d9-5c2f-4d33-b4c4-33f1d765cd04,05:00,22:00
32,v-008,12,Tân Bình,Hồ Chí Minh,a1f3b6e4-2c9a-4c1b-b8a2-9c0d4fe71201,05:00,22:00
33,v-008,12,Tân Bình,Hồ Chí Minh,a1f3b6e4-2c9a-4c1b-b8a2-9c0d4fe71201,05:00,22:00
34,v-009,04,Tân Bình,Hồ Chí Minh,a1f3b6e4-2c9a-4c1b-b8a2-9c0d4fe71201,05:00,22:00
35,v-009,04,Tân Bình,Hồ Chí Minh,a1f3b6e4-2c9a-4c1b-b8a2-9c0d4fe71201,05:00,22:00
36,v-010,04,Tân Bình,Hồ Chí Minh,a1f3b6e4-2c9a-4c1b-b8a2-9c0d4fe71201,05:00,22:00
37,v-010,04,Tân Bình,Hồ Chí Minh,e3a7b9d9-5c2f-4d33-b4c4-33f1d765cd04,05:00,22:00
38,v-010,04,Tân Bình,Hồ Chí Minh,e3a7b9d9-5c2f-4d33-b4c4-33f1d765cd04,05:00,22:00
39,v-011,04,Tân Bình,Hồ Chí Minh,e3a7b9d9-5c2f-4d33-b4c4-33f1d765cd04,05:00,22:00
40,v-011,04,Tân Bình,Hồ Chí Minh,a1f3b6e4-2c9a-4c1b-b8a2-9c0d4fe71201,05:00,22:00
41,v-011,04,Tân Bình,Hồ Chí Minh,e3a7b9d9-5c2f-4d33-b4c4-33f1d765cd04,05:00,22:00
42,v-011,04,Tân Bình,Hồ Chí Minh,e3a7b9d9-5c2f-4d33-b4c4-33f1d765cd04,05:00,22:00
43,v-011,04,Tân Bình,Hồ Chí Minh,a1f3b6e4-2c9a-4c1b-b8a2-9c0d4fe71201,05:00,22:00
44,v-012,An Lạc,Bình Tân,Hồ Chí Minh,a1f3b6e4-2c9a-4c1b-b8a2-9c0d4fe71201,05:00,22:00
45,v-012,An Lạc,Bình Tân,Hồ Chí Minh,a1f3b6e4-2c9a-4c1b-b8a2-9c0d4fe71201,05:00,22:00
46,v-013,An Lạc,Bình Tân,Hồ Chí Minh,a1f3b6e4-2c9a-4c1b-b8a2-9c0d4fe71201,05:00,22:00
47,v-013,An Lạc,Bình Tân,Hồ Chí Minh,a1f3b6e4-2c9a-4c1b-b8a2-9c0d4fe71201,05:00,22:00
48,v-013,An Lạc,Bình Tân,Hồ Chí Minh,a1f3b6e4-2c9a-4c1b-b8a2-9c0d4fe71201,05:00,22:00
49,v-013,An Lạc,Bình Tân,Hồ Chí Minh,a1f3b6e4-2c9a-4c1b-b8a2-9c0d4fe71201,05:00,22:00
50,v-013,An Lạc,Bình Tân,Hồ Chí Minh,a1f3b6e4-2c9a-4c1b-b8a2-9c0d4fe71201,05:00,22:00
51,v-014,Bình Trị Đông B,Bình Tân,Hồ Chí Minh,a1f3b6e4-2c9a-4c1b-b8a2-9c0d4fe71201,05:00,22:00
52,v-014,Bình Trị Đông B,Bình Tân,Hồ Chí Minh,a1f3b6e4-2c9a-4c1b-b8a2-9c0d4fe71201,05:00,22:00
53,v-014,Bình Trị Đông B,Bình Tân,Hồ Chí Minh,a1f3b6e4-2c9a-4c1b-b8a2-9c0d4fe71201,05:00,22:00
54,v-014,Bình Trị Đông B,Bình Tân,Hồ Chí Minh,a1f3b6e4-2c9a-4c1b-b8a2-9c0d4fe71201,05:00,22:00
55,v-014,Bình Trị Đông B,Bình Tân,Hồ Chí Minh,a1f3b6e4-2c9a-4c1b-b8a2-9c0d4fe71201,05:00,22:00
56,v-015,Tân Thới Nhất,12,Hồ Chí Minh,a1f3b6e4-2c9a-4c1b-b8a2-9c0d4fe71201,05:00,22:00
57,v-015,Tân Thới Nhất,12,Hồ Chí Minh,a1f3b6e4-2c9a-4c1b-b8a2-9c0d4fe71201,05:00,22:00
58,v-015,Tân Thới Nhất,12,Hồ Chí Minh,e3a7b9d9-5c2f-4d33-b4c4-33f1d765cd04,05:00,22:00
59,v-015,Tân Thới Nhất,12,Hồ Chí Minh,e3a7b9d9-5c2f-4d33-b4c4-33f1d765cd04,05:00,22:00
60,v-016,Thạnh Lộc,12,Hồ Chí Minh,a1f3b6e4-2c9a-4c1b-b8a2-9c0d4fe71201,05:00,22:00
61,v-016,Thạnh Lộc,12,Hồ Chí Minh,a1f3b6e4-2c9a-4c1b-b8a2-9c0d4fe71201,05:00,22:00
62,v-016,Thạnh Lộc,12,Hồ Chí Minh,a1f3b6e4-2c9a-4c1b-b8a2-9c0d4fe71201,05:00,22:00
63,v-016,Thạnh Lộc,12,Hồ Chí Minh,a1f3b6e4-2c9a-4c1b-b8a2-9c0d4fe71201,05:00,22:00
64,v-016,Thạnh Lộc,12,Hồ Chí Minh,a1f3b6e4-2c9a-4c1b-b8a2-9c0d4fe71201,05:00,22:00
65,v-017,Tân Thới Nhất,12,Hồ Chí Minh,a1f3b6e4-2c9a-4c1b-b8a2-9c0d4fe71201,05:00,22:00
66,v-017,Tân Thới Nhất,12,Hồ Chí Minh,a1f3b6e4-2c9a-4c1b-b8a2-9c0d4fe71201,05:00,22:00
67,v-018,Tân Thới Nhất,12,Hồ Chí Minh,a1f3b6e4-2c9a-4c1b-b8a2-9c0d4fe71201,05:00,22:00
68,v-018,Tân Thới Nhất,12,Hồ Chí Minh,a1f3b6e4-2c9a-4c1b-b8a2-9c0d4fe71201,05:00,22:00
69,v-018,Tân Thới Nhất,12,Hồ Chí Minh,a1f3b6e4-2c9a-4c1b-b8a2-9c0d4fe71201,05:00,22:00
70,v-018,Tân Thới Nhất,12,Hồ Chí Minh,a1f3b6e4-2c9a-4c1b-b8a2-9c0d4fe71201,05:00,22:00
71,v-018,Tân Thới Nhất,12,Hồ Chí Minh,a1f3b6e4-2c9a-4c1b-b8a2-9c0d4fe71201,05:00,22:00
72,v-019,Đông Hưng Thuận,12,Hồ Chí Minh,e3a7b9d9-5c2f-4d33-b4c4-33f1d765cd04,05:00,22:00
73,v-019,Đông Hưng Thuận,12,Hồ Chí Minh,a1f3b6e4-2c9a-4c1b-b8a2-9c0d4fe71201,05:00,22:00
74,v-019,Đông Hưng Thuận,12,Hồ Chí Minh,e3a7b9d9-5c2f-4d33-b4c4-33f1d765cd04,05:00,22:00
75,v-020,An Phú Đông,12,Hồ Chí Minh,e3a7b9d9-5c2f-4d33-b4c4-33f1d765cd04,05:00,22:00
76,v-020,An Phú Đông,12,Hồ Chí Minh,e3a7b9d9-5c2f-4d33-b4c4-33f1d765cd04,05:00,22:00
77,v-020,An Phú Đông,12,Hồ Chí Minh,e3a7b9d9-5c2f-4d33-b4c4-33f1d765cd04,05:00,22:00
78,v-020,An Phú Đông,12,Hồ Chí Minh,e3a7b9d9-5c2f-4d33-b4c4-33f1d765cd04,05:00,22:00
79,v-021,An Phú Đông,12,Hồ Chí Minh,a1f3b6e4-2c9a-4c1b-b8a2-9c0d4fe71201,05:00,22:00
80,v-021,An Phú Đông,12,Hồ Chí Minh,e3a7b9d9-5c2f-4d33-b4c4-33f1d765cd04,05:00,22:00
81,v-021,An Phú Đông,12,Hồ Chí Minh,a1f3b6e4-2c9a-4c1b-b8a2-9c0d4fe71201,05:00,22:00
82,v-021,An Phú Đông,12,Hồ Chí Minh,e3a7b9d9-5c2f-4d33-b4c4-33f1d765cd04,05:00,22:00
83,v-022,Thạnh Lộc,12,Hồ Chí Minh,a1f3b6e4-2c9a-4c1b-b8a2-9c0d4fe71201,05:00,22:00
84,v-022,Thạnh Lộc,12,Hồ Chí Minh,a1f3b6e4-2c9a-4c1b-b8a2-9c0d4fe71201,05:00,22:00
85,v-023,Linh Trung,Thủ Đức,Hồ Chí Minh,e3a7b9d9-5c2f-4d33-b4c4-33f1d765cd04,05:00,22:00
86,v-023,Linh Trung,Thủ Đức,Hồ Chí Minh,a1f3b6e4-2c9a-4c1b-b8a2-9c0d4fe71201,05:00,22:00
87,v-023,Linh Trung,Thủ Đức,Hồ Chí Minh,e3a7b9d9-5c2f-4d33-b4c4-33f1d765cd04,05:00,22:00
88,v-023,Linh Trung,Thủ Đức,Hồ Chí Minh,e3a7b9d9-5c2f-4d33-b4c4-33f1d765cd04,05:00,22:00
89,v-023,Linh Trung,Thủ Đức,Hồ Chí Minh,e3a7b9d9-5c2f-4d33-b4c4-33f1d765cd04,05:00,22:00
90,v-024,16,8,Hồ Chí Minh,e3a7b9d9-5c2f-4d33-b4c4-33f1d765cd04,05:00,22:00
91,v-024,16,8,Hồ Chí Minh,e3a7b9d9-5c2f-4d33-b4c4-33f1d765cd04,05:00,22:00
92,v-025,09,8,Hồ Chí Minh,a1f3b6e4-2c9a-4c1b-b8a2-9c0d4fe71201,05:00,22:00
93,v-025,09,8,Hồ Chí Minh,a1f3b6e4-2c9a-4c1b-b8a2-9c0d4fe71201,05:00,22:00
94,v-025,09,8,Hồ Chí Minh,e3a7b9d9-5c2f-4d33-b4c4-33f1d765cd04,05:00,22:00
95,v-025,09,8,Hồ Chí Minh,e3a7b9d9-5c2f-4d33-b4c4-33f1d765cd04,05:00,22:00
96,v-025,09,8,Hồ Chí Minh,e3a7b9d9-5c2f-4d33-b4c4-33f1d765cd04,05:00,22:00
97,v-026,03,5,Hồ Chí Minh,e3a7b9d9-5c2f-4d33-b4c4-33f1d765cd04,05:00,22:00
98,v-026,03,5,Hồ Chí Minh,e3a7b9d9-5c2f-4d33-b4c4-33f1d765cd04,05:00,22:00
99,v-027,Nguyễn Cư Trinh,1,Hồ Chí Minh,a1f3b6e4-2c9a-4c1b-b8a2-9c0d4fe71201,05:00,22:00
100,v-027,Nguyễn Cư Trinh,1,Hồ Chí Minh,a1f3b6e4-2c9a-4c1b-b8a2-9c0d4fe71201,05:00,22:00
101,v-027,Nguyễn Cư Trinh,1,Hồ Chí Minh,a1f3b6e4-2c9a-4c1b-b8a2-9c0d4fe71201,05:00,22:00
102,v-027,Nguyễn Cư Trinh,1,Hồ Chí Minh,a1f3b6e4-2c9a-4c1b-b8a2-9c0d4fe71201,05:00,22:00
103,v-028,01,4,Hồ Chí Minh,e3a7b9d9-5c2f-4d33-b4c4-33f1d765cd04,05:00,22:00
104,v-028,01,4,Hồ Chí Minh,a1f3b6e4-2c9a-4c1b-b8a2-9c0d4fe71201,05:00,22:00
105,v-028,01,4,Hồ Chí Minh,a1f3b6e4-2c9a-4c1b-b8a2-9c0d4fe71201,05:00,22:00
106,v-028,01,4,Hồ Chí Minh,a1f3b6e4-2c9a-4c1b-b8a2-9c0d4fe71201,05:00,22:00
107,v-028,01,4,Hồ Chí Minh,e3a7b9d9-5c2f-4d33-b4c4-33f1d765cd04,05:00,22:00
108,v-029,Cô Giang,1,Hồ Chí Minh,a1f3b6e4-2c9a-4c1b-b8a2-9c0d4fe71201,05:00,22:00
109,v-029,Cô Giang,1,Hồ Chí Minh,a1f3b6e4-2c9a-4c1b-b8a2-9c0d4fe71201,05:00,22:00
110,v-029,Cô Giang,1,Hồ Chí Minh,a1f3b6e4-2c9a-4c1b-b8a2-9c0d4fe71201,05:00,22:00
111,v-030,Tăng Nhơn Phú B,9,Hồ Chí Minh,a1f3b6e4-2c9a-4c1b-b8a2-9c0d4fe71201,05:00,22:00
112,v-030,Tăng Nhơn Phú B,9,Hồ Chí Minh,e3a7b9d9-5c2f-4d33-b4c4-33f1d765cd04,05:00,22:00
113,v-030,Tăng Nhơn Phú B,9,Hồ Chí Minh,a1f3b6e4-2c9a-4c1b-b8a2-9c0d4fe71201,05:00,22:00
114,v-030,Tăng Nhơn Phú B,9,Hồ Chí Minh,a1f3b6e4-2c9a-4c1b-b8a2-9c0d4fe71201,05:00,22:00
115,v-031,18,4,Hồ Chí Minh,a1f3b6e4-2c9a-4c1b-b8a2-9c0d4fe71201,05:00,22:00
116,v-031,18,4,Hồ Chí Minh,e3a7b9d9-5c2f-4d33-b4c4-33f1d765cd04,05:00,22:00
117,v-032,15,11,Hồ Chí Minh,a1f3b6e4-2c9a-4c1b-b8a2-9c0d4fe71201,05:00,22:00
118,v-032,15,11,Hồ Chí Minh,a1f3b6e4-2c9a-4c1b-b8a2-9c0d4fe71201,05:00,22:00
119,v-033,09,Phú Nhuận,Hồ Chí Minh,a1f3b6e4-2c9a-4c1b-b8a2-9c0d4fe71201,05:00,22:00
120,v-033,09,Phú Nhuận,Hồ Chí Minh,a1f3b6e4-2c9a-4c1b-b8a2-9c0d4fe71201,05:00,22:00
121,v-033,09,Phú Nhuận,Hồ Chí Minh,a1f3b6e4-2c9a-4c1b-b8a2-9c0d4fe71201,05:00,22:00
122,v-033,09,Phú Nhuận,Hồ Chí Minh,a1f3b6e4-2c9a-4c1b-b8a2-9c0d4fe71201,05:00,22:00
123,v-033,09,Phú Nhuận,Hồ Chí Minh,a1f3b6e4-2c9a-4c1b-b8a2-9c0d4fe71201,05:00,22:00
124,v-034,09,Phú Nhuận,Hồ Chí Minh,a1f3b6e4-2c9a-4c1b-b8a2-9c0d4fe71201,05:00,22:00
125,v-034,09,Phú Nhuận,Hồ Chí Minh,a1f3b6e4-2c9a-4c1b-b8a2-9c0d4fe71201,05:00,22:00
126,v-035,09,Phú Nhuận,Hồ Chí Minh,a1f3b6e4-2c9a-4c1b-b8a2-9c0d4fe71201,05:00,22:00
127,v-035,09,Phú Nhuận,Hồ Chí Minh,e3a7b9d9-5c2f-4d33-b4c4-33f1d765cd04,05:00,22:00
128,v-035,09,Phú Nhuận,Hồ Chí Minh,a1f3b6e4-2c9a-4c1b-b8a2-9c0d4fe71201,05:00,22:00
129,v-036,15,10,Hồ Chí Minh,a1f3b6e4-2c9a-4c1b-b8a2-9c0d4fe71201,05:00,22:00
130,v-036,15,10,Hồ Chí Minh,e3a7b9d9-5c2f-4d33-b4c4-33f1d765cd04,05:00,22:00
131,v-036,15,10,Hồ Chí Minh,e3a7b9d9-5c2f-4d33-b4c4-33f1d765cd04,05:00,22:00
132,v-036,15,10,Hồ Chí Minh,a1f3b6e4-2c9a-4c1b-b8a2-9c0d4fe71201,05:00,22:00
133,v-036,15,10,Hồ Chí Minh,a1f3b6e4-2c9a-4c1b-b8a2-9c0d4fe71201,05:00,22:00
134,v-037,06,10,Hồ Chí Minh,a1f3b6e4-2c9a-4c1b-b8a2-9c0d4fe71201,05:00,22:00
135,v-037,06,10,Hồ Chí Minh,e3a7b9d9-5c2f-4d33-b4c4-33f1d765cd04,05:00,22:00
136,v-037,06,10,Hồ Chí Minh,a1f3b6e4-2c9a-4c1b-b8a2-9c0d4fe71201,05:00,22:00
137,v-038,10,6,Hồ Chí Minh,a1f3b6e4-2c9a-4c1b-b8a2-9c0d4fe71201,05:00,22:00
138,v-038,10,6,Hồ Chí Minh,e3a7b9d9-5c2f-4d33-b4c4-33f1d765cd04,05:00,22:00
139,v-038,10,6,Hồ Chí Minh,e3a7b9d9-5c2f-4d33-b4c4-33f1d765cd04,05:00,22:00
140,v-039,11,3,Hồ Chí Minh,a1f3b6e4-2c9a-4c1b-b8a2-9c0d4fe71201,05:00,22:00
141,v-039,11,3,Hồ Chí Minh,a1f3b6e4-2c9a-4c1b-b8a2-9c0d4fe71201,05:00,22:00
142,v-040,05,3,Hồ Chí Minh,e3a7b9d9-5c2f-4d33-b4c4-33f1d765cd04,05:00,22:00
143,v-040,05,3,Hồ Chí Minh,e3a7b9d9-5c2f-4d33-b4c4-33f1d765cd04,05:00,22:00
144,v-040,05,3,Hồ Chí Minh,a1f3b6e4-2c9a-4c1b-b8a2-9c0d4fe71201,05:00,22:00
145,v-040,05,3,Hồ Chí Minh,a1f3b6e4-2c9a-4c1b-b8a2-9c0d4fe71201,05:00,22:00
146,v-040,05,3,Hồ Chí Minh,e3a7b9d9-5c2f-4d33-b4c4-33f1d765cd04,05:00,22:00
147,v-041,06,3,Hồ Chí Minh,e3a7b9d9-5c2f-4d33-b4c4-33f1d765cd04,05:00,22:00
148,v-041,06,3,Hồ Chí Minh,a1f3b6e4-2c9a-4c1b-b8a2-9c0d4fe71201,05:00,22:00
149,v-041,06,3,Hồ Chí Minh,a1f3b6e4-2c9a-4c1b-b8a2-9c0d4fe71201,05:00,22:00
150,v-041,06,3,Hồ Chí Minh,a1f3b6e4-2c9a-4c1b-b8a2-9c0d4fe71201,05:00,22:00
151,v-041,06,3,Hồ Chí Minh,e3a7b9d9-5c2f-4d33-b4c4-33f1d765cd04,05:00,22:00
152,v-042,14,Gò Vấp,Hồ Chí Minh,a1f3b6e4-2c9a-4c1b-b8a2-9c0d4fe71201,05:00,22:00
153,v-042,14,Gò Vấp,Hồ Chí Minh,a1f3b6e4-2c9a-4c1b-b8a2-9c0d4fe71201,05:00,22:00
154,v-042,14,Gò Vấp,Hồ Chí Minh,a1f3b6e4-2c9a-4c1b-b8a2-9c0d4fe71201,05:00,22:00
155,v-042,14,Gò Vấp,Hồ Chí Minh,a1f3b6e4-2c9a-4c1b-b8a2-9c0d4fe71201,05:00,22:00
156,v-043,12,Gò Vấp,Hồ Chí Minh,a1f3b6e4-2c9a-4c1b-b8a2-9c0d4fe71201,05:00,22:00
157,v-043,12,Gò Vấp,Hồ Chí Minh,a1f3b6e4-2c9a-4c1b-b8a2-9c0d4fe71201,05:00,22:00
158,v-043,12,Gò Vấp,Hồ Chí Minh,a1f3b6e4-2c9a-4c1b-b8a2-9c0d4fe71201,05:00,22:00
159,v-043,12,Gò Vấp,Hồ Chí Minh,a1f3b6e4-2c9a-4c1b-b8a2-9c0d4fe71201,05:00,22:00
160,v-044,8,Gò Vấp,Hồ Chí Minh,e3a7b9d9-5c2f-4d33-b4c4-33f1d765cd04,05:00,22:00
161,v-044,8,Gò Vấp,Hồ Chí Minh,e3a7b9d9-5c2f-4d33-b4c4-33f1d765cd04,05:00,22:00
162,v-044,8,Gò Vấp,Hồ Chí Minh,e3a7b9d9-5c2f-4d33-b4c4-33f1d765cd04,05:00,22:00
163,v-045,6,Gò Vấp,Hồ Chí Minh,a1f3b6e4-2c9a-4c1b-b8a2-9c0d4fe71201,05:00,22:00
164,v-045,6,Gò Vấp,Hồ Chí Minh,a1f3b6e4-2c9a-4c1b-b8a2-9c0d4fe71201,05:00,22:00
165,v-046,Phú Thạnh,Tân Phú,Hồ Chí Minh,a1f3b6e4-2c9a-4c1b-b8a2-9c0d4fe71201,05:00,22:00
166,v-046,Phú Thạnh,Tân Phú,Hồ Chí Minh,a1f3b6e4-2c9a-4c1b-b8a2-9c0d4fe71201,05:00,22:00
167,v-046,Phú Thạnh,Tân Phú,Hồ Chí Minh,a1f3b6e4-2c9a-4c1b-b8a2-9c0d4fe71201,05:00,22:00
168,v-046,Phú Thạnh,Tân Phú,Hồ Chí Minh,a1f3b6e4-2c9a-4c1b-b8a2-9c0d4fe71201,05:00,22:00
169,v-046,Phú Thạnh,Tân Phú,Hồ Chí Minh,a1f3b6e4-2c9a-4c1b-b8a2-9c0d4fe71201,05:00,22:00
170,v-047,Hòa Thạnh,Tân Phú,Hồ Chí Minh,a1f3b6e4-2c9a-4c1b-b8a2-9c0d4fe71201,05:00,22:00
171,v-047,Hòa Thạnh,Tân Phú,Hồ Chí Minh,a1f3b6e4-2c9a-4c1b-b8a2-9c0d4fe71201,05:00,22:00
172,v-047,Hòa Thạnh,Tân Phú,Hồ Chí Minh,a1f3b6e4-2c9a-4c1b-b8a2-9c0d4fe71201,05:00,22:00
173,v-047,Hòa Thạnh,Tân Phú,Hồ Chí Minh,e3a7b9d9-5c2f-4d33-b4c4-33f1d765cd04,05:00,22:00
174,v-047,Hòa Thạnh,Tân Phú,Hồ Chí Minh,a1f3b6e4-2c9a-4c1b-b8a2-9c0d4fe71201,05:00,22:00
175,v-048,Tân Thới Hòa,Tân Phú,Hồ Chí Minh,a1f3b6e4-2c9a-4c1b-b8a2-9c0d4fe71201,05:00,22:00
176,v-048,Tân Thới Hòa,Tân Phú,Hồ Chí Minh,a1f3b6e4-2c9a-4c1b-b8a2-9c0d4fe71201,05:00,22:00
177,v-048,Tân Thới Hòa,Tân Phú,Hồ Chí Minh,a1f3b6e4-2c9a-4c1b-b8a2-9c0d4fe71201,05:00,22:00
178,v-048,Tân Thới Hòa,Tân Phú,Hồ Chí Minh,a1f3b6e4-2c9a-4c1b-b8a2-9c0d4fe71201,05:00,22:00
179,v-048,Tân Thới Hòa,Tân Phú,Hồ Chí Minh,a1f3b6e4-2c9a-4c1b-b8a2-9c0d4fe71201,05:00,22:00
180,v-049,Phú Thạnh,Tân Phú,Hồ Chí Minh,a1f3b6e4-2c9a-4c1b-b8a2-9c0d4fe71201,05:00,22:00
181,v-049,Phú Thạnh,Tân Phú,Hồ Chí Minh,a1f3b6e4-2c9a-4c1b-b8a2-9c0d4fe71201,05:00,22:00
182,v-049,Phú Thạnh,Tân Phú,Hồ Chí Minh,a1f3b6e4-2c9a-4c1b-b8a2-9c0d4fe71201,05:00,22:00
183,v-049,Phú Thạnh,Tân Phú,Hồ Chí Minh,a1f3b6e4-2c9a-4c1b-b8a2-9c0d4fe71201,05:00,22:00
184,v-049,Phú Thạnh,Tân Phú,Hồ Chí Minh,a1f3b6e4-2c9a-4c1b-b8a2-9c0d4fe71201,05:00,22:00
185,v-050,Tân Sơn Nhì,Tân Phú,Hồ Chí Minh,a1f3b6e4-2c9a-4c1b-b8a2-9c0d4fe71201,05:00,22:00
186,v-050,Tân Sơn Nhì,Tân Phú,Hồ Chí Minh,a1f3b6e4-2c9a-4c1b-b8a2-9c0d4fe71201,05:00,22:00
187,v-050,Tân Sơn Nhì,Tân Phú,Hồ Chí Minh,a1f3b6e4-2c9a-4c1b-b8a2-9c0d4fe71201,05:00,22:00
188,v-050,Tân Sơn Nhì,Tân Phú,Hồ Chí Minh,a1f3b6e4-2c9a-4c1b-b8a2-9c0d4fe71201,05:00,22:00
189,v-050,Tân Sơn Nhì,Tân Phú,Hồ Chí Minh,a1f3b6e4-2c9a-4c1b-b8a2-9c0d4fe71201,05:00,22:00
190,v-051,Tây Thạnh,Tân Phú,Hồ Chí Minh,a1f3b6e4-2c9a-4c1b-b8a2-9c0d4fe71201,05:00,22:00
191,v-051,Tây Thạnh,Tân Phú,Hồ Chí Minh,a1f3b6e4-2c9a-4c1b-b8a2-9c0d4fe71201,05:00,22:00
192,v-052,Tây Thạnh,Tân Phú,Hồ Chí Minh,a1f3b6e4-2c9a-4c1b-b8a2-9c0d4fe71201,05:00,22:00
193,v-052,Tây Thạnh,Tân Phú,Hồ Chí Minh,a1f3b6e4-2c9a-4c1b-b8a2-9c0d4fe71201,05:00,22:00
194,v-052,Tây Thạnh,Tân Phú,Hồ Chí Minh,a1f3b6e4-2c9a-4c1b-b8a2-9c0d4fe71201,05:00,22:00
195,v-052,Tây Thạnh,Tân Phú,Hồ Chí Minh,a1f3b6e4-2c9a-4c1b-b8a2-9c0d4fe71201,05:00,22:00
196,v-053,12,Tân Bình,Hồ Chí Minh,a1f3b6e4-2c9a-4c1b-b8a2-9c0d4fe71201,05:00,22:00
197,v-053,12,Tân Bình,Hồ Chí Minh,a1f3b6e4-2c9a-4c1b-b8a2-9c0d4fe71201,05:00,22:00
198,v-053,12,Tân Bình,Hồ Chí Minh,a1f3b6e4-2c9a-4c1b-b8a2-9c0d4fe71201,05:00,22:00
199,v-054,13,Tân Bình,Hồ Chí Minh,a1f3b6e4-2c9a-4c1b-b8a2-9c0d4fe71201,05:00,22:00
200,v-054,13,Tân Bình,Hồ Chí Minh,a1f3b6e4-2c9a-4c1b-b8a2-9c0d4fe71201,05:00,22:00
201,v-054,13,Tân Bình,Hồ Chí Minh,a1f3b6e4-2c9a-4c1b-b8a2-9c0d4fe71201,05:00,22:00
202,v-054,13,Tân Bình,Hồ Chí Minh,a1f3b6e4-2c9a-4c1b-b8a2-9c0d4fe71201,05:00,22:00
203,v-054,13,Tân Bình,Hồ Chí Minh,a1f3b6e4-2c9a-4c1b-b8a2-9c0d4fe71201,05:00,22:00
204,v-055,12,Tân Bình,Hồ Chí Minh,a1f3b6e4-2c9a-4c1b-b8a2-9c0d4fe71201,05:00,22:00
205,v-055,12,Tân Bình,Hồ Chí Minh,e3a7b9d9-5c2f-4d33-b4c4-33f1d765cd04,05:00,22:00
206,v-055,12,Tân Bình,Hồ Chí Minh,e3a7b9d9-5c2f-4d33-b4c4-33f1d765cd04,05:00,22:00
207,v-056,12,Tân Bình,Hồ Chí Minh,e3a7b9d9-5c2f-4d33-b4c4-33f1d765cd04,05:00,22:00
208,v-056,12,Tân Bình,Hồ Chí Minh,a1f3b6e4-2c9a-4c1b-b8a2-9c0d4fe71201,05:00,22:00
209,v-057,13,Tân Bình,Hồ Chí Minh,a1f3b6e4-2c9a-4c1b-b8a2-9c0d4fe71201,05:00,22:00
210,v-057,13,Tân Bình,Hồ Chí Minh,a1f3b6e4-2c9a-4c1b-b8a2-9c0d4fe71201,05:00,22:00
211,v-057,13,Tân Bình,Hồ Chí Minh,a1f3b6e4-2c9a-4c1b-b8a2-9c0d4fe71201,05:00,22:00
212,v-058,02,Bình Thạnh,Hồ Chí Minh,a1f3b6e4-2c9a-4c1b-b8a2-9c0d4fe71201,05:00,22:00
213,v-058,02,Bình Thạnh,Hồ Chí Minh,a1f3b6e4-2c9a-4c1b-b8a2-9c0d4fe71201,05:00,22:00
214,v-058,02,Bình Thạnh,Hồ Chí Minh,a1f3b6e4-2c9a-4c1b-b8a2-9c0d4fe71201,05:00,22:00
215,v-059,13,Bình Thạnh,Hồ Chí Minh,a1f3b6e4-2c9a-4c1b-b8a2-9c0d4fe71201,05:00,22:00
216,v-059,13,Bình Thạnh,Hồ Chí Minh,a1f3b6e4-2c9a-4c1b-b8a2-9c0d4fe71201,05:00,22:00
217,v-059,13,Bình Thạnh,Hồ Chí Minh,a1f3b6e4-2c9a-4c1b-b8a2-9c0d4fe71201,05:00,22:00
218,v-059,13,Bình Thạnh,Hồ Chí Minh,a1f3b6e4-2c9a-4c1b-b8a2-9c0d4fe71201,05:00,22:00
219,v-060,25,Bình Thạnh,Hồ Chí Minh,a1f3b6e4-2c9a-4c1b-b8a2-9c0d4fe71201,05:00,22:00
220,v-060,25,Bình Thạnh,Hồ Chí Minh,a1f3b6e4-2c9a-4c1b-b8a2-9c0d4fe71201,05:00,22:00
221,v-061,22,Bình Thạnh,Hồ Chí Minh,a1f3b6e4-2c9a-4c1b-b8a2-9c0d4fe71201,05:00,22:00
222,v-061,22,Bình Thạnh,Hồ Chí Minh,a1f3b6e4-2c9a-4c1b-b8a2-9c0d4fe71201,05:00,22:00
223,v-061,22,Bình Thạnh,Hồ Chí Minh,a1f3b6e4-2c9a-4c1b-b8a2-9c0d4fe71201,05:00,22:00
224,v-062,26,Bình Thạnh,Hồ Chí Minh,a1f3b6e4-2c9a-4c1b-b8a2-9c0d4fe71201,05:00,22:00
225,v-062,26,Bình Thạnh,Hồ Chí Minh,e3a7b9d9-5c2f-4d33-b4c4-33f1d765cd04,05:00,22:00
226,v-062,26,Bình Thạnh,Hồ Chí Minh,a1f3b6e4-2c9a-4c1b-b8a2-9c0d4fe71201,05:00,22:00
227,v-062,26,Bình Thạnh,Hồ Chí Minh,a1f3b6e4-2c9a-4c1b-b8a2-9c0d4fe71201,05:00,22:00
228,v-063,25,Bình Thạnh,Hồ Chí Minh,a1f3b6e4-2c9a-4c1b-b8a2-9c0d4fe71201,05:00,22:00
229,v-063,25,Bình Thạnh,Hồ Chí Minh,a1f3b6e4-2c9a-4c1b-b8a2-9c0d4fe71201,05:00,22:00
230,v-063,25,Bình Thạnh,Hồ Chí Minh,a1f3b6e4-2c9a-4c1b-b8a2-9c0d4fe71201,05:00,22:00
231,v-064,13,Bình Thạnh,Hồ Chí Minh,a1f3b6e4-2c9a-4c1b-b8a2-9c0d4fe71201,05:00,22:00
232,v-064,13,Bình Thạnh,Hồ Chí Minh,a1f3b6e4-2c9a-4c1b-b8a2-9c0d4fe71201,05:00,22:00
233,v-065,13,Bình Thạnh,Hồ Chí Minh,a1f3b6e4-2c9a-4c1b-b8a2-9c0d4fe71201,05:00,22:00
234,v-065,13,Bình Thạnh,Hồ Chí Minh,a1f3b6e4-2c9a-4c1b-b8a2-9c0d4fe71201,05:00,22:00
235,v-065,13,Bình Thạnh,Hồ Chí Minh,a1f3b6e4-2c9a-4c1b-b8a2-9c0d4fe71201,05:00,22:00
236,v-065,13,Bình Thạnh,Hồ Chí Minh,a1f3b6e4-2c9a-4c1b-b8a2-9c0d4fe71201,05:00,22:00
237,v-066,25,Bình Thạnh,Hồ Chí Minh,e3a7b9d9-5c2f-4d33-b4c4-33f1d765cd04,05:00,22:00
238,v-066,25,Bình Thạnh,Hồ Chí Minh,e3a7b9d9-5c2f-4d33-b4c4-33f1d765cd04,05:00,22:00
239,v-067,25,Bình Thạnh,Hồ Chí Minh,a1f3b6e4-2c9a-4c1b-b8a2-9c0d4fe71201,05:00,22:00
240,v-067,25,Bình Thạnh,Hồ Chí Minh,a1f3b6e4-2c9a-4c1b-b8a2-9c0d4fe71201,05:00,22:00
241,v-067,25,Bình Thạnh,Hồ Chí Minh,a1f3b6e4-2c9a-4c1b-b8a2-9c0d4fe71201,05:00,22:00
242,v-067,25,Bình Thạnh,Hồ Chí Minh,a1f3b6e4-2c9a-4c1b-b8a2-9c0d4fe71201,05:00,22:00
243,v-067,25,Bình Thạnh,Hồ Chí Minh,a1f3b6e4-2c9a-4c1b-b8a2-9c0d4fe71201,05:00,22:00
244,v-068,27,Bình Thạnh,Hồ Chí Minh,a1f3b6e4-2c9a-4c1b-b8a2-9c0d4fe71201,05:00,22:00
245,v-068,27,Bình Thạnh,Hồ Chí Minh,a1f3b6e4-2c9a-4c1b-b8a2-9c0d4fe71201,05:00,22:00
246,v-068,27,Bình Thạnh,Hồ Chí Minh,a1f3b6e4-2c9a-4c1b-b8a2-9c0d4fe71201,05:00,22:00
247,v-069,27,Bình Thạnh,Hồ Chí Minh,a1f3b6e4-2c9a-4c1b-b8a2-9c0d4fe71201,05:00,22:00
248,v-069,27,Bình Thạnh,Hồ Chí Minh,e3a7b9d9-5c2f-4d33-b4c4-33f1d765cd04,05:00,22:00
249,v-069,27,Bình Thạnh,Hồ Chí Minh,a1f3b6e4-2c9a-4c1b-b8a2-9c0d4fe71201,05:00,22:00
250,v-070,27,Bình Thạnh,Hồ Chí Minh,a1f3b6e4-2c9a-4c1b-b8a2-9c0d4fe71201,05:00,22:00
251,v-070,27,Bình Thạnh,Hồ Chí Minh,a1f3b6e4-2c9a-4c1b-b8a2-9c0d4fe71201,05:00,22:00
252,v-070,27,Bình Thạnh,Hồ Chí Minh,a1f3b6e4-2c9a-4c1b-b8a2-9c0d4fe71201,05:00,22:00
253,v-071,28,Bình Thạnh,Hồ Chí Minh,a1f3b6e4-2c9a-4c1b-b8a2-9c0d4fe71201,05:00,22:00
254,v-071,28,Bình Thạnh,Hồ Chí Minh,a1f3b6e4-2c9a-4c1b-b8a2-9c0d4fe71201,05:00,22:00
255,v-071,28,Bình Thạnh,Hồ Chí Minh,e3a7b9d9-5c2f-4d33-b4c4-33f1d765cd04,05:00,22:00
256,v-071,28,Bình Thạnh,Hồ Chí Minh,a1f3b6e4-2c9a-4c1b-b8a2-9c0d4fe71201,05:00,22:00
257,v-071,28,Bình Thạnh,Hồ Chí Minh,e3a7b9d9-5c2f-4d33-b4c4-33f1d765cd04,05:00,22:00
258,v-072,09,Phú Nhuận,Hồ Chí Minh,a1f3b6e4-2c9a-4c1b-b8a2-9c0d4fe71201,05:00,22:00
259,v-072,09,Phú Nhuận,Hồ Chí Minh,a1f3b6e4-2c9a-4c1b-b8a2-9c0d4fe71201,05:00,22:00
260,v-072,09,Phú Nhuận,Hồ Chí Minh,a1f3b6e4-2c9a-4c1b-b8a2-9c0d4fe71201,05:00,22:00
261,v-072,09,Phú Nhuận,Hồ Chí Minh,a1f3b6e4-2c9a-4c1b-b8a2-9c0d4fe71201,05:00,22:00
262,v-072,09,Phú Nhuận,Hồ Chí Minh,a1f3b6e4-2c9a-4c1b-b8a2-9c0d4fe71201,05:00,22:00
263,v-073,Hiệp Bình Phước,Thủ Đức,Hồ Chí Minh,a1f3b6e4-2c9a-4c1b-b8a2-9c0d4fe71201,05:00,22:00
264,v-073,Hiệp Bình Phước,Thủ Đức,Hồ Chí Minh,a1f3b6e4-2c9a-4c1b-b8a2-9c0d4fe71201,05:00,22:00
265,v-073,Hiệp Bình Phước,Thủ Đức,Hồ Chí Minh,a1f3b6e4-2c9a-4c1b-b8a2-9c0d4fe71201,05:00,22:00
266,v-073,Hiệp Bình Phước,Thủ Đức,Hồ Chí Minh,a1f3b6e4-2c9a-4c1b-b8a2-9c0d4fe71201,05:00,22:00
267,v-073,Hiệp Bình Phước,Thủ Đức,Hồ Chí Minh,a1f3b6e4-2c9a-4c1b-b8a2-9c0d4fe71201,05:00,22:00
268,v-074,14,11,Hồ Chí Minh,a1f3b6e4-2c9a-4c1b-b8a2-9c0d4fe71201,05:00,22:00
269,v-074,14,11,Hồ Chí Minh,a1f3b6e4-2c9a-4c1b-b8a2-9c0d4fe71201,05:00,22:00
270,v-075,12,10,Hồ Chí Minh,a1f3b6e4-2c9a-4c1b-b8a2-9c0d4fe71201,05:00,22:00
271,v-075,12,10,Hồ Chí Minh,a1f3b6e4-2c9a-4c1b-b8a2-9c0d4fe71201,05:00,22:00
272,v-075,12,10,Hồ Chí Minh,a1f3b6e4-2c9a-4c1b-b8a2-9c0d4fe71201,05:00,22:00
273,v-076,12,10,Hồ Chí Minh,a1f3b6e4-2c9a-4c1b-b8a2-9c0d4fe71201,05:00,22:00
274,v-076,12,10,Hồ Chí Minh,a1f3b6e4-2c9a-4c1b-b8a2-9c0d4fe71201,05:00,22:00
275,v-076,12,10,Hồ Chí Minh,a1f3b6e4-2c9a-4c1b-b8a2-9c0d4fe71201,05:00,22:00
276,v-076,12,10,Hồ Chí Minh,a1f3b6e4-2c9a-4c1b-b8a2-9c0d4fe71201,05:00,22:00
277,v-077,Trường Thạnh,9,Hồ Chí Minh,a1f3b6e4-2c9a-4c1b-b8a2-9c0d4fe71201,05:00,22:00
278,v-077,Trường Thạnh,9,Hồ Chí Minh,a1f3b6e4-2c9a-4c1b-b8a2-9c0d4fe71201,05:00,22:00
279,v-077,Trường Thạnh,9,Hồ Chí Minh,a1f3b6e4-2c9a-4c1b-b8a2-9c0d4fe71201,05:00,22:00
280,v-077,Trường Thạnh,9,Hồ Chí Minh,a1f3b6e4-2c9a-4c1b-b8a2-9c0d4fe71201,05:00,22:00
281,v-077,Trường Thạnh,9,Hồ Chí Minh,a1f3b6e4-2c9a-4c1b-b8a2-9c0d4fe71201,05:00,22:00
282,v-078,Hiệp Phú,9,Hồ Chí Minh,a1f3b6e4-2c9a-4c1b-b8a2-9c0d4fe71201,05:00,22:00
283,v-078,Hiệp Phú,9,Hồ Chí Minh,a1f3b6e4-2c9a-4c1b-b8a2-9c0d4fe71201,05:00,22:00
284,v-079,05,8,Hồ Chí Minh,a1f3b6e4-2c9a-4c1b-b8a2-9c0d4fe71201,05:00,22:00
285,v-079,05,8,Hồ Chí Minh,a1f3b6e4-2c9a-4c1b-b8a2-9c0d4fe71201,05:00,22:00
286,v-080,06,8,Hồ Chí Minh,a1f3b6e4-2c9a-4c1b-b8a2-9c0d4fe71201,05:00,22:00
287,v-080,06,8,Hồ Chí Minh,a1f3b6e4-2c9a-4c1b-b8a2-9c0d4fe71201,05:00,22:00
288,v-080,06,8,Hồ Chí Minh,a1f3b6e4-2c9a-4c1b-b8a2-9c0d4fe71201,05:00,22:00
289,v-080,06,8,Hồ Chí Minh,e3a7b9d9-5c2f-4d33-b4c4-33f1d765cd04,05:00,22:00
290,v-081,Phú Thuận,7,Hồ Chí Minh,a1f3b6e4-2c9a-4c1b-b8a2-9c0d4fe71201,05:00,22:00
291,v-081,Phú Thuận,7,Hồ Chí Minh,a1f3b6e4-2c9a-4c1b-b8a2-9c0d4fe71201,05:00,22:00
292,v-082,18,4,Hồ Chí Minh,a1f3b6e4-2c9a-4c1b-b8a2-9c0d4fe71201,05:00,22:00
293,v-082,18,4,Hồ Chí Minh,a1f3b6e4-2c9a-4c1b-b8a2-9c0d4fe71201,05:00,22:00
294,v-083,An Phú Đông,12,Hồ Chí Minh,a1f3b6e4-2c9a-4c1b-b8a2-9c0d4fe71201,05:00,22:00
295,v-083,An Phú Đông,12,Hồ Chí Minh,a1f3b6e4-2c9a-4c1b-b8a2-9c0d4fe71201,05:00,22:00
296,v-083,An Phú Đông,12,Hồ Chí Minh,a1f3b6e4-2c9a-4c1b-b8a2-9c0d4fe71201,05:00,22:00
297,v-084,Thạnh Lộc,12,Hồ Chí Minh,e3a7b9d9-5c2f-4d33-b4c4-33f1d765cd04,05:00,22:00
298,v-084,Thạnh Lộc,12,Hồ Chí Minh,e3a7b9d9-5c2f-4d33-b4c4-33f1d765cd04,05:00,22:00
299,v-084,Thạnh Lộc,12,Hồ Chí Minh,e3a7b9d9-5c2f-4d33-b4c4-33f1d765cd04,05:00,22:00
300,v-085,18,4,Hồ Chí Minh,e3a7b9d9-5c2f-4d33-b4c4-33f1d765cd04,05:00,22:00
301,v-085,18,4,Hồ Chí Minh,a1f3b6e4-2c9a-4c1b-b8a2-9c0d4fe71201,05:00,22:00
302,v-085,18,4,Hồ Chí Minh,e3a7b9d9-5c2f-4d33-b4c4-33f1d765cd04,05:00,22:00
303,v-085,18,4,Hồ Chí Minh,a1f3b6e4-2c9a-4c1b-b8a2-9c0d4fe71201,05:00,22:00
304,v-085,18,4,Hồ Chí Minh,a1f3b6e4-2c9a-4c1b-b8a2-9c0d4fe71201,05:00,22:00
305,v-086,06,3,Hồ Chí Minh,a1f3b6e4-2c9a-4c1b-b8a2-9c0d4fe71201,05:00,22:00
306,v-086,06,3,Hồ Chí Minh,a1f3b6e4-2c9a-4c1b-b8a2-9c0d4fe71201,05:00,22:00
307,v-086,06,3,Hồ Chí Minh,a1f3b6e4-2c9a-4c1b-b8a2-9c0d4fe71201,05:00,22:00
308,v-087,06,3,Hồ Chí Minh,a1f3b6e4-2c9a-4c1b-b8a2-9c0d4fe71201,05:00,22:00
309,v-087,06,3,Hồ Chí Minh,e3a7b9d9-5c2f-4d33-b4c4-33f1d765cd04,05:00,22:00
310,v-087,06,3,Hồ Chí Minh,a1f3b6e4-2c9a-4c1b-b8a2-9c0d4fe71201,05:00,22:00
311,v-088,Bình Trưng Tây,2,Hồ Chí Minh,a1f3b6e4-2c9a-4c1b-b8a2-9c0d4fe71201,05:00,22:00
312,v-088,Bình Trưng Tây,2,Hồ Chí Minh,a1f3b6e4-2c9a-4c1b-b8a2-9c0d4fe71201,05:00,22:00
313,v-089,An Phú,2,Hồ Chí Minh,e3a7b9d9-5c2f-4d33-b4c4-33f1d765cd04,05:00,22:00
314,v-089,An Phú,2,Hồ Chí Minh,a1f3b6e4-2c9a-4c1b-b8a2-9c0d4fe71201,05:00,22:00
315,v-089,An Phú,2,Hồ Chí Minh,a1f3b6e4-2c9a-4c1b-b8a2-9c0d4fe71201,05:00,22:00
316,v-089,An Phú,2,Hồ Chí Minh,a1f3b6e4-2c9a-4c1b-b8a2-9c0d4fe71201,05:00,22:00
317,v-089,An Phú,2,Hồ Chí Minh,a1f3b6e4-2c9a-4c1b-b8a2-9c0d4fe71201,05:00,22:00
318,v-090,An Phú Đông,12,Hồ Chí Minh,a1f3b6e4-2c9a-4c1b-b8a2-9c0d4fe71201,05:00,22:00
319,v-090,An Phú Đông,12,Hồ Chí Minh,a1f3b6e4-2c9a-4c1b-b8a2-9c0d4fe71201,05:00,22:00
320,v-090,An Phú Đông,12,Hồ Chí Minh,a1f3b6e4-2c9a-4c1b-b8a2-9c0d4fe71201,05:00,22:00
321,v-090,An Phú Đông,12,Hồ Chí Minh,a1f3b6e4-2c9a-4c1b-b8a2-9c0d4fe71201,05:00,22:00
322,v-091,Bến Thành,1,Hồ Chí Minh,a1f3b6e4-2c9a-4c1b-b8a2-9c0d4fe71201,05:00,22:00
323,v-091,Bến Thành,1,Hồ Chí Minh,a1f3b6e4-2c9a-4c1b-b8a2-9c0d4fe71201,05:00,22:00
324,v-091,Bến Thành,1,Hồ Chí Minh,a1f3b6e4-2c9a-4c1b-b8a2-9c0d4fe71201,05:00,22:00
325,v-092,Bến Thành,1,Hồ Chí Minh,a1f3b6e4-2c9a-4c1b-b8a2-9c0d4fe71201,05:00,22:00
326,v-092,Bến Thành,1,Hồ Chí Minh,a1f3b6e4-2c9a-4c1b-b8a2-9c0d4fe71201,05:00,22:00
327,v-092,Bến Thành,1,Hồ Chí Minh,a1f3b6e4-2c9a-4c1b-b8a2-9c0d4fe71201,05:00,22:00
328,v-092,Bến Thành,1,Hồ Chí Minh,a1f3b6e4-2c9a-4c1b-b8a2-9c0d4fe71201,05:00,22:00
329,v-092,Bến Thành,1,Hồ Chí Minh,a1f3b6e4-2c9a-4c1b-b8a2-9c0d4fe71201,05:00,22:00
330,v-093,14,Gò Vấp,Hồ Chí Minh,a1f3b6e4-2c9a-4c1b-b8a2-9c0d4fe71201,05:00,22:00
331,v-093,14,Gò Vấp,Hồ Chí Minh,e3a7b9d9-5c2f-4d33-b4c4-33f1d765cd04,05:00,22:00
332,v-093,14,Gò Vấp,Hồ Chí Minh,e3a7b9d9-5c2f-4d33-b4c4-33f1d765cd04,05:00,22:00
333,v-094,14,Gò Vấp,Hồ Chí Minh,a1f3b6e4-2c9a-4c1b-b8a2-9c0d4fe71201,05:00,22:00
334,v-094,14,Gò Vấp,Hồ Chí Minh,a1f3b6e4-2c9a-4c1b-b8a2-9c0d4fe71201,05:00,22:00
335,v-094,14,Gò Vấp,Hồ Chí Minh,a1f3b6e4-2c9a-4c1b-b8a2-9c0d4fe71201,05:00,22:00
336,v-094,14,Gò Vấp,Hồ Chí Minh,a1f3b6e4-2c9a-4c1b-b8a2-9c0d4fe71201,05:00,22:00
337,v-095,14,Gò Vấp,Hồ Chí Minh,a1f3b6e4-2c9a-4c1b-b8a2-9c0d4fe71201,05:00,22:00
338,v-095,14,Gò Vấp,Hồ Chí Minh,e3a7b9d9-5c2f-4d33-b4c4-33f1d765cd04,05:00,22:00
339,v-095,14,Gò Vấp,Hồ Chí Minh,a1f3b6e4-2c9a-4c1b-b8a2-9c0d4fe71201,05:00,22:00
340,v-095,14,Gò Vấp,Hồ Chí Minh,e3a7b9d9-5c2f-4d33-b4c4-33f1d765cd04,05:00,22:00
341,v-096,12,Gò Vấp,Hồ Chí Minh,a1f3b6e4-2c9a-4c1b-b8a2-9c0d4fe71201,05:00,22:00
342,v-096,12,Gò Vấp,Hồ Chí Minh,a1f3b6e4-2c9a-4c1b-b8a2-9c0d4fe71201,05:00,22:00
343,v-096,12,Gò Vấp,Hồ Chí Minh,a1f3b6e4-2c9a-4c1b-b8a2-9c0d4fe71201,05:00,22:00
344,v-097,17,Gò Vấp,Hồ Chí Minh,a1f3b6e4-2c9a-4c1b-b8a2-9c0d4fe71201,05:00,22:00
345,v-097,17,Gò Vấp,Hồ Chí Minh,a1f3b6e4-2c9a-4c1b-b8a2-9c0d4fe71201,05:00,22:00
346,v-098,6,Gò Vấp,Hồ Chí Minh,a1f3b6e4-2c9a-4c1b-b8a2-9c0d4fe71201,05:00,22:00
347,v-098,6,Gò Vấp,Hồ Chí Minh,a1f3b6e4-2c9a-4c1b-b8a2-9c0d4fe71201,05:00,22:00
348,v-098,6,Gò Vấp,Hồ Chí Minh,a1f3b6e4-2c9a-4c1b-b8a2-9c0d4fe71201,05:00,22:00
349,v-098,6,Gò Vấp,Hồ Chí Minh,a1f3b6e4-2c9a-4c1b-b8a2-9c0d4fe71201,05:00,22:00
350,v-099,15,Gò Vấp,Hồ Chí Minh,a1f3b6e4-2c9a-4c1b-b8a2-9c0d4fe71201,05:00,22:00
351,v-099,15,Gò Vấp,Hồ Chí Minh,a1f3b6e4-2c9a-4c1b-b8a2-9c0d4fe71201,05:00,22:00
352,v-100,Thảo Điền,2,Hồ Chí Minh,a1f3b6e4-2c9a-4c1b-b8a2-9c0d4fe71201,05:00,22:00
353,v-100,Thảo Điền,2,Hồ Chí Minh,e3a7b9d9-5c2f-4d33-b4c4-33f1d765cd04,05:00,22:00
354,v-100,Thảo Điền,2,Hồ Chí Minh,a1f3b6e4-2c9a-4c1b-b8a2-9c0d4fe71201,05:00,22:00
355,v-101,An Khánh,2,Hồ Chí Minh,a1f3b6e4-2c9a-4c1b-b8a2-9c0d4fe71201,05:00,22:00
356,v-101,An Khánh,2,Hồ Chí Minh,e3a7b9d9-5c2f-4d33-b4c4-33f1d765cd04,05:00,22:00
357,v-101,An Khánh,2,Hồ Chí Minh,e3a7b9d9-5c2f-4d33-b4c4-33f1d765cd04,05:00,22:00
358,v-101,An Khánh,2,Hồ Chí Minh,e3a7b9d9-5c2f-4d33-b4c4-33f1d765cd04,05:00,22:00
359,v-102,Bình An,2,Hồ Chí Minh,a1f3b6e4-2c9a-4c1b-b8a2-9c0d4fe71201,05:00,22:00
360,v-102,Bình An,2,Hồ Chí Minh,a1f3b6e4-2c9a-4c1b-b8a2-9c0d4fe71201,05:00,22:00
361,v-103,10,6,Hồ Chí Minh,a1f3b6e4-2c9a-4c1b-b8a2-9c0d4fe71201,05:00,22:00
362,v-103,10,6,Hồ Chí Minh,a1f3b6e4-2c9a-4c1b-b8a2-9c0d4fe71201,05:00,22:00
363,v-103,10,6,Hồ Chí Minh,a1f3b6e4-2c9a-4c1b-b8a2-9c0d4fe71201,05:00,22:00
364,v-103,10,6,Hồ Chí Minh,a1f3b6e4-2c9a-4c1b-b8a2-9c0d4fe71201,05:00,22:00
365,v-103,10,6,Hồ Chí Minh,a1f3b6e4-2c9a-4c1b-b8a2-9c0d4fe71201,05:00,22:00
366,v-104,Tây Thạnh,Tân Phú,Hồ Chí Minh,a1f3b6e4-2c9a-4c1b-b8a2-9c0d4fe71201,05:00,22:00
367,v-104,Tây Thạnh,Tân Phú,Hồ Chí Minh,a1f3b6e4-2c9a-4c1b-b8a2-9c0d4fe71201,05:00,22:00
368,v-104,Tây Thạnh,Tân Phú,Hồ Chí Minh,a1f3b6e4-2c9a-4c1b-b8a2-9c0d4fe71201,05:00,22:00
369,v-104,Tây Thạnh,Tân Phú,Hồ Chí Minh,a1f3b6e4-2c9a-4c1b-b8a2-9c0d4fe71201,05:00,22:00
370,v-105,Thạnh Mỹ Lợi,2,Hồ Chí Minh,a1f3b6e4-2c9a-4c1b-b8a2-9c0d4fe71201,05:00,22:00
371,v-105,Thạnh Mỹ Lợi,2,Hồ Chí Minh,a1f3b6e4-2c9a-4c1b-b8a2-9c0d4fe71201,05:00,22:00
372,v-105,Thạnh Mỹ Lợi,2,Hồ Chí Minh,a1f3b6e4-2c9a-4c1b-b8a2-9c0d4fe71201,05:00,22:00
373,v-106,Bình An,2,Hồ Chí Minh,a1f3b6e4-2c9a-4c1b-b8a2-9c0d4fe71201,05:00,22:00
374,v-106,Bình An,2,Hồ Chí Minh,a1f3b6e4-2c9a-4c1b-b8a2-9c0d4fe71201,05:00,22:00
375,v-107,Bồ Đề,Long Biên,Hà Nội,a1f3b6e4-2c9a-4c1b-b8a2-9c0d4fe71201,05:00,22:00
376,v-107,Bồ Đề,Long Biên,Hà Nội,a1f3b6e4-2c9a-4c1b-b8a2-9c0d4fe71201,05:00,22:00
377,v-107,Bồ Đề,Long Biên,Hà Nội,a1f3b6e4-2c9a-4c1b-b8a2-9c0d4fe71201,05:00,22:00
378,v-108,Trung Hoà,Cầu Giấy,Hà Nội,e3a7b9d9-5c2f-4d33-b4c4-33f1d765cd04,05:00,22:00
379,v-108,Trung Hoà,Cầu Giấy,Hà Nội,a1f3b6e4-2c9a-4c1b-b8a2-9c0d4fe71201,05:00,22:00
380,v-108,Trung Hoà,Cầu Giấy,Hà Nội,e3a7b9d9-5c2f-4d33-b4c4-33f1d765cd04,05:00,22:00
381,v-109,Long Biên,Long Biên,Hà Nội,a1f3b6e4-2c9a-4c1b-b8a2-9c0d4fe71201,05:00,22:00
382,v-109,Long Biên,Long Biên,Hà Nội,e3a7b9d9-5c2f-4d33-b4c4-33f1d765cd04,05:00,22:00
383,v-109,Long Biên,Long Biên,Hà Nội,a1f3b6e4-2c9a-4c1b-b8a2-9c0d4fe71201,05:00,22:00
384,v-109,Long Biên,Long Biên,Hà Nội,a1f3b6e4-2c9a-4c1b-b8a2-9c0d4fe71201,05:00,22:00
385,v-109,Long Biên,Long Biên,Hà Nội,a1f3b6e4-2c9a-4c1b-b8a2-9c0d4fe71201,05:00,22:00
386,v-110,Thị trấn Trâu Quỳ,Gia Lâm,Hà Nội,a1f3b6e4-2c9a-4c1b-b8a2-9c0d4fe71201,05:00,22:00
387,v-110,Thị trấn Trâu Quỳ,Gia Lâm,Hà Nội,e3a7b9d9-5c2f-4d33-b4c4-33f1d765cd04,05:00,22:00
388,v-110,Thị trấn Trâu Quỳ,Gia Lâm,Hà Nội,e3a7b9d9-5c2f-4d33-b4c4-33f1d765cd04,05:00,22:00
389,v-111,Phù Lỗ,Sóc Sơn,Hà Nội,a1f3b6e4-2c9a-4c1b-b8a2-9c0d4fe71201,05:00,22:00
390,v-111,Phù Lỗ,Sóc Sơn,Hà Nội,a1f3b6e4-2c9a-4c1b-b8a2-9c0d4fe71201,05:00,22:00
391,v-112,Định Công,Hoàng Mai,Hà Nội,a1f3b6e4-2c9a-4c1b-b8a2-9c0d4fe71201,05:00,22:00
392,v-112,Định Công,Hoàng Mai,Hà Nội,a1f3b6e4-2c9a-4c1b-b8a2-9c0d4fe71201,05:00,22:00
393,v-112,Định Công,Hoàng Mai,Hà Nội,e3a7b9d9-5c2f-4d33-b4c4-33f1d765cd04,05:00,22:00
394,v-112,Định Công,Hoàng Mai,Hà Nội,e3a7b9d9-5c2f-4d33-b4c4-33f1d765cd04,05:00,22:00
395,v-112,Định Công,Hoàng Mai,Hà Nội,e3a7b9d9-5c2f-4d33-b4c4-33f1d765cd04,05:00,22:00
396,v-113,Thanh Liệt,Thanh Trì,Hà Nội,e3a7b9d9-5c2f-4d33-b4c4-33f1d765cd04,05:00,22:00
397,v-113,Thanh Liệt,Thanh Trì,Hà Nội,e3a7b9d9-5c2f-4d33-b4c4-33f1d765cd04,05:00,22:00
398,v-113,Thanh Liệt,Thanh Trì,Hà Nội,a1f3b6e4-2c9a-4c1b-b8a2-9c0d4fe71201,05:00,22:00
399,v-113,Thanh Liệt,Thanh Trì,Hà Nội,e3a7b9d9-5c2f-4d33-b4c4-33f1d765cd04,05:00,22:00
400,v-114,Khương Đình,Thanh Xuân,Hà Nội,a1f3b6e4-2c9a-4c1b-b8a2-9c0d4fe71201,05:00,22:00
401,v-114,Khương Đình,Thanh Xuân,Hà Nội,e3a7b9d9-5c2f-4d33-b4c4-33f1d765cd04,05:00,22:00
402,v-114,Khương Đình,Thanh Xuân,Hà Nội,a1f3b6e4-2c9a-4c1b-b8a2-9c0d4fe71201,05:00,22:00
403,v-115,Thanh Xuân Bắc,Thanh Xuân,Hà Nội,a1f3b6e4-2c9a-4c1b-b8a2-9c0d4fe71201,05:00,22:00
404,v-115,Thanh Xuân Bắc,Thanh Xuân,Hà Nội,a1f3b6e4-2c9a-4c1b-b8a2-9c0d4fe71201,05:00,22:00
405,v-115,Thanh Xuân Bắc,Thanh Xuân,Hà Nội,a1f3b6e4-2c9a-4c1b-b8a2-9c0d4fe71201,05:00,22:00
406,v-115,Thanh Xuân Bắc,Thanh Xuân,Hà Nội,a1f3b6e4-2c9a-4c1b-b8a2-9c0d4fe71201,05:00,22:00
407,v-116,Nhật Tân,Tây Hồ,Hà Nội,a1f3b6e4-2c9a-4c1b-b8a2-9c0d4fe71201,05:00,22:00
408,v-116,Nhật Tân,Tây Hồ,Hà Nội,a1f3b6e4-2c9a-4c1b-b8a2-9c0d4fe71201,05:00,22:00
409,v-116,Nhật Tân,Tây Hồ,Hà Nội,a1f3b6e4-2c9a-4c1b-b8a2-9c0d4fe71201,05:00,22:00
410,v-116,Nhật Tân,Tây Hồ,Hà Nội,a1f3b6e4-2c9a-4c1b-b8a2-9c0d4fe71201,05:00,22:00
411,v-117,Phú Thượng,Tây Hồ,Hà Nội,e3a7b9d9-5c2f-4d33-b4c4-33f1d765cd04,05:00,22:00
412,v-117,Phú Thượng,Tây Hồ,Hà Nội,e3a7b9d9-5c2f-4d33-b4c4-33f1d765cd04,05:00,22:00
413,v-117,Phú Thượng,Tây Hồ,Hà Nội,e3a7b9d9-5c2f-4d33-b4c4-33f1d765cd04,05:00,22:00
414,v-117,Phú Thượng,Tây Hồ,Hà Nội,e3a7b9d9-5c2f-4d33-b4c4-33f1d765cd04,05:00,22:00
415,v-117,Phú Thượng,Tây Hồ,Hà Nội,a1f3b6e4-2c9a-4c1b-b8a2-9c0d4fe71201,05:00,22:00
416,v-118,Đại Kim,Hoàng Mai,Hà Nội,a1f3b6e4-2c9a-4c1b-b8a2-9c0d4fe71201,05:00,22:00
417,v-118,Đại Kim,Hoàng Mai,Hà Nội,a1f3b6e4-2c9a-4c1b-b8a2-9c0d4fe71201,05:00,22:00
418,v-119,Trần Phú,Hoàng Mai,Hà Nội,a1f3b6e4-2c9a-4c1b-b8a2-9c0d4fe71201,05:00,22:00
419,v-119,Trần Phú,Hoàng Mai,Hà Nội,a1f3b6e4-2c9a-4c1b-b8a2-9c0d4fe71201,05:00,22:00
420,v-120,Đại Kim,Hoàng Mai,Hà Nội,a1f3b6e4-2c9a-4c1b-b8a2-9c0d4fe71201,05:00,22:00
421,v-120,Đại Kim,Hoàng Mai,Hà Nội,a1f3b6e4-2c9a-4c1b-b8a2-9c0d4fe71201,05:00,22:00
422,v-120,Đại Kim,Hoàng Mai,Hà Nội,a1f3b6e4-2c9a-4c1b-b8a2-9c0d4fe71201,05:00,22:00
423,v-120,Đại Kim,Hoàng Mai,Hà Nội,a1f3b6e4-2c9a-4c1b-b8a2-9c0d4fe71201,05:00,22:00
424,v-120,Đại Kim,Hoàng Mai,Hà Nội,a1f3b6e4-2c9a-4c1b-b8a2-9c0d4fe71201,05:00,22:00
425,v-121,Thanh Trì,Hoàng Mai,Hà Nội,e3a7b9d9-5c2f-4d33-b4c4-33f1d765cd04,05:00,22:00
426,v-121,Thanh Trì,Hoàng Mai,Hà Nội,a1f3b6e4-2c9a-4c1b-b8a2-9c0d4fe71201,05:00,22:00
427,v-121,Thanh Trì,Hoàng Mai,Hà Nội,e3a7b9d9-5c2f-4d33-b4c4-33f1d765cd04,05:00,22:00
428,v-121,Thanh Trì,Hoàng Mai,Hà Nội,a1f3b6e4-2c9a-4c1b-b8a2-9c0d4fe71201,05:00,22:00
429,v-121,Thanh Trì,Hoàng Mai,Hà Nội,e3a7b9d9-5c2f-4d33-b4c4-33f1d765cd04,05:00,22:00
430,v-122,Tân Mai,Hoàng Mai,Hà Nội,a1f3b6e4-2c9a-4c1b-b8a2-9c0d4fe71201,05:00,22:00
431,v-122,Tân Mai,Hoàng Mai,Hà Nội,e3a7b9d9-5c2f-4d33-b4c4-33f1d765cd04,05:00,22:00
432,v-123,Tân Mai,Hoàng Mai,Hà Nội,e3a7b9d9-5c2f-4d33-b4c4-33f1d765cd04,05:00,22:00
433,v-123,Tân Mai,Hoàng Mai,Hà Nội,a1f3b6e4-2c9a-4c1b-b8a2-9c0d4fe71201,05:00,22:00
434,v-123,Tân Mai,Hoàng Mai,Hà Nội,e3a7b9d9-5c2f-4d33-b4c4-33f1d765cd04,05:00,22:00
435,v-123,Tân Mai,Hoàng Mai,Hà Nội,a1f3b6e4-2c9a-4c1b-b8a2-9c0d4fe71201,05:00,22:00
436,v-123,Tân Mai,Hoàng Mai,Hà Nội,e3a7b9d9-5c2f-4d33-b4c4-33f1d765cd04,05:00,22:00
437,v-124,Thanh Trì,Hoàng Mai,Hà Nội,a1f3b6e4-2c9a-4c1b-b8a2-9c0d4fe71201,05:00,22:00
438,v-124,Thanh Trì,Hoàng Mai,Hà Nội,a1f3b6e4-2c9a-4c1b-b8a2-9c0d4fe71201,05:00,22:00
439,v-124,Thanh Trì,Hoàng Mai,Hà Nội,a1f3b6e4-2c9a-4c1b-b8a2-9c0d4fe71201,05:00,22:00
440,v-125,Định Công,Hoàng Mai,Hà Nội,e3a7b9d9-5c2f-4d33-b4c4-33f1d765cd04,05:00,22:00
441,v-125,Định Công,Hoàng Mai,Hà Nội,a1f3b6e4-2c9a-4c1b-b8a2-9c0d4fe71201,05:00,22:00
442,v-125,Định Công,Hoàng Mai,Hà Nội,a1f3b6e4-2c9a-4c1b-b8a2-9c0d4fe71201,05:00,22:00
443,v-125,Định Công,Hoàng Mai,Hà Nội,a1f3b6e4-2c9a-4c1b-b8a2-9c0d4fe71201,05:00,22:00
444,v-125,Định Công,Hoàng Mai,Hà Nội,a1f3b6e4-2c9a-4c1b-b8a2-9c0d4fe71201,05:00,22:00
445,v-126,Yên Sở,Hoàng Mai,Hà Nội,a1f3b6e4-2c9a-4c1b-b8a2-9c0d4fe71201,05:00,22:00
446,v-126,Yên Sở,Hoàng Mai,Hà Nội,a1f3b6e4-2c9a-4c1b-b8a2-9c0d4fe71201,05:00,22:00
447,v-126,Yên Sở,Hoàng Mai,Hà Nội,a1f3b6e4-2c9a-4c1b-b8a2-9c0d4fe71201,05:00,22:00
448,v-127,Yên Sở,Hoàng Mai,Hà Nội,e3a7b9d9-5c2f-4d33-b4c4-33f1d765cd04,05:00,22:00
449,v-127,Yên Sở,Hoàng Mai,Hà Nội,e3a7b9d9-5c2f-4d33-b4c4-33f1d765cd04,05:00,22:00
450,v-127,Yên Sở,Hoàng Mai,Hà Nội,a1f3b6e4-2c9a-4c1b-b8a2-9c0d4fe71201,05:00,22:00
451,v-127,Yên Sở,Hoàng Mai,Hà Nội,e3a7b9d9-5c2f-4d33-b4c4-33f1d765cd04,05:00,22:00
452,v-127,Yên Sở,Hoàng Mai,Hà Nội,a1f3b6e4-2c9a-4c1b-b8a2-9c0d4fe71201,05:00,22:00
453,v-128,Vĩnh Hưng,Hoàng Mai,Hà Nội,e3a7b9d9-5c2f-4d33-b4c4-33f1d765cd04,05:00,22:00
454,v-128,Vĩnh Hưng,Hoàng Mai,Hà Nội,e3a7b9d9-5c2f-4d33-b4c4-33f1d765cd04,05:00,22:00
455,v-128,Vĩnh Hưng,Hoàng Mai,Hà Nội,a1f3b6e4-2c9a-4c1b-b8a2-9c0d4fe71201,05:00,22:00
456,v-128,Vĩnh Hưng,Hoàng Mai,Hà Nội,a1f3b6e4-2c9a-4c1b-b8a2-9c0d4fe71201,05:00,22:00
457,v-128,Vĩnh Hưng,Hoàng Mai,Hà Nội,a1f3b6e4-2c9a-4c1b-b8a2-9c0d4fe71201,05:00,22:00
458,v-129,Cổ Nhuế 1,Bắc Từ Liêm,Hà Nội,e3a7b9d9-5c2f-4d33-b4c4-33f1d765cd04,05:00,22:00
459,v-129,Cổ Nhuế 1,Bắc Từ Liêm,Hà Nội,e3a7b9d9-5c2f-4d33-b4c4-33f1d765cd04,05:00,22:00
460,v-129,Cổ Nhuế 1,Bắc Từ Liêm,Hà Nội,a1f3b6e4-2c9a-4c1b-b8a2-9c0d4fe71201,05:00,22:00
461,v-129,Cổ Nhuế 1,Bắc Từ Liêm,Hà Nội,a1f3b6e4-2c9a-4c1b-b8a2-9c0d4fe71201,05:00,22:00
462,v-130,Mỹ Đình 2,Nam Từ Liêm,Hà Nội,a1f3b6e4-2c9a-4c1b-b8a2-9c0d4fe71201,05:00,22:00
463,v-130,Mỹ Đình 2,Nam Từ Liêm,Hà Nội,a1f3b6e4-2c9a-4c1b-b8a2-9c0d4fe71201,05:00,22:00
464,v-131,Tây Mỗ,Nam Từ Liêm,Hà Nội,a1f3b6e4-2c9a-4c1b-b8a2-9c0d4fe71201,05:00,22:00
465,v-131,Tây Mỗ,Nam Từ Liêm,Hà Nội,a1f3b6e4-2c9a-4c1b-b8a2-9c0d4fe71201,05:00,22:00
466,v-132,Yên Phụ,Tây Hồ,Hà Nội,e3a7b9d9-5c2f-4d33-b4c4-33f1d765cd04,05:00,22:00
467,v-132,Yên Phụ,Tây Hồ,Hà Nội,a1f3b6e4-2c9a-4c1b-b8a2-9c0d4fe71201,05:00,22:00
468,v-133,Yên Phụ,Tây Hồ,Hà Nội,a1f3b6e4-2c9a-4c1b-b8a2-9c0d4fe71201,05:00,22:00
469,v-133,Yên Phụ,Tây Hồ,Hà Nội,a1f3b6e4-2c9a-4c1b-b8a2-9c0d4fe71201,05:00,22:00
470,v-133,Yên Phụ,Tây Hồ,Hà Nội,a1f3b6e4-2c9a-4c1b-b8a2-9c0d4fe71201,05:00,22:00
471,v-133,Yên Phụ,Tây Hồ,Hà Nội,a1f3b6e4-2c9a-4c1b-b8a2-9c0d4fe71201,05:00,22:00
472,v-134,Tây Mỗ,Nam Từ Liêm,Hà Nội,a1f3b6e4-2c9a-4c1b-b8a2-9c0d4fe71201,05:00,22:00
473,v-134,Tây Mỗ,Nam Từ Liêm,Hà Nội,a1f3b6e4-2c9a-4c1b-b8a2-9c0d4fe71201,05:00,22:00
474,v-134,Tây Mỗ,Nam Từ Liêm,Hà Nội,a1f3b6e4-2c9a-4c1b-b8a2-9c0d4fe71201,05:00,22:00
475,v-134,Tây Mỗ,Nam Từ Liêm,Hà Nội,a1f3b6e4-2c9a-4c1b-b8a2-9c0d4fe71201,05:00,22:00
476,v-135,Tây Mỗ,Nam Từ Liêm,Hà Nội,a1f3b6e4-2c9a-4c1b-b8a2-9c0d4fe71201,05:00,22:00
477,v-135,Tây Mỗ,Nam Từ Liêm,Hà Nội,a1f3b6e4-2c9a-4c1b-b8a2-9c0d4fe71201,05:00,22:00
478,v-135,Tây Mỗ,Nam Từ Liêm,Hà Nội,a1f3b6e4-2c9a-4c1b-b8a2-9c0d4fe71201,05:00,22:00
479,v-135,Tây Mỗ,Nam Từ Liêm,Hà Nội,a1f3b6e4-2c9a-4c1b-b8a2-9c0d4fe71201,05:00,22:00
480,v-136,Ngọc Hà,Ba Đình,Hà Nội,a1f3b6e4-2c9a-4c1b-b8a2-9c0d4fe71201,05:00,22:00
481,v-136,Ngọc Hà,Ba Đình,Hà Nội,a1f3b6e4-2c9a-4c1b-b8a2-9c0d4fe71201,05:00,22:00
482,v-137,Trúc Bạch,Ba Đình,Hà Nội,e3a7b9d9-5c2f-4d33-b4c4-33f1d765cd04,05:00,22:00
483,v-137,Trúc Bạch,Ba Đình,Hà Nội,a1f3b6e4-2c9a-4c1b-b8a2-9c0d4fe71201,05:00,22:00
484,v-137,Trúc Bạch,Ba Đình,Hà Nội,e3a7b9d9-5c2f-4d33-b4c4-33f1d765cd04,05:00,22:00
485,v-137,Trúc Bạch,Ba Đình,Hà Nội,e3a7b9d9-5c2f-4d33-b4c4-33f1d765cd04,05:00,22:00
486,v-138,Vĩnh Phúc,Ba Đình,Hà Nội,a1f3b6e4-2c9a-4c1b-b8a2-9c0d4fe71201,05:00,22:00
487,v-138,Vĩnh Phúc,Ba Đình,Hà Nội,e3a7b9d9-5c2f-4d33-b4c4-33f1d765cd04,05:00,22:00
488,v-138,Vĩnh Phúc,Ba Đình,Hà Nội,a1f3b6e4-2c9a-4c1b-b8a2-9c0d4fe71201,05:00,22:00
489,v-138,Vĩnh Phúc,Ba Đình,Hà Nội,a1f3b6e4-2c9a-4c1b-b8a2-9c0d4fe71201,05:00,22:00
490,v-139,Ngọc Lâm,Long Biên,Hà Nội,a1f3b6e4-2c9a-4c1b-b8a2-9c0d4fe71201,05:00,22:00
491,v-139,Ngọc Lâm,Long Biên,Hà Nội,a1f3b6e4-2c9a-4c1b-b8a2-9c0d4fe71201,05:00,22:00
492,v-139,Ngọc Lâm,Long Biên,Hà Nội,a1f3b6e4-2c9a-4c1b-b8a2-9c0d4fe71201,05:00,22:00
493,v-139,Ngọc Lâm,Long Biên,Hà Nội,a1f3b6e4-2c9a-4c1b-b8a2-9c0d4fe71201,05:00,22:00
494,v-140,Khâm Thiên,Đống Đa,Hà Nội,a1f3b6e4-2c9a-4c1b-b8a2-9c0d4fe71201,05:00,22:00
495,v-140,Khâm Thiên,Đống Đa,Hà Nội,a1f3b6e4-2c9a-4c1b-b8a2-9c0d4fe71201,05:00,22:00
496,v-141,Vĩnh Tuy,Hai Bà Trưng,Hà Nội,a1f3b6e4-2c9a-4c1b-b8a2-9c0d4fe71201,05:00,22:00
497,v-141,Vĩnh Tuy,Hai Bà Trưng,Hà Nội,a1f3b6e4-2c9a-4c1b-b8a2-9c0d4fe71201,05:00,22:00
498,v-141,Vĩnh Tuy,Hai Bà Trưng,Hà Nội,a1f3b6e4-2c9a-4c1b-b8a2-9c0d4fe71201,05:00,22:00
499,v-141,Vĩnh Tuy,Hai Bà Trưng,Hà Nội,a1f3b6e4-2c9a-4c1b-b8a2-9c0d4fe71201,05:00,22:00
500,v-142,Phú Thượng,Tây Hồ,Hà Nội,a1f3b6e4-2c9a-4c1b-b8a2-9c0d4fe71201,05:00,22:00
501,v-142,Phú Thượng,Tây Hồ,Hà Nội,a1f3b6e4-2c9a-4c1b-b8a2-9c0d4fe71201,05:00,22:00
502,v-142,Phú Thượng,Tây Hồ,Hà Nội,a1f3b6e4-2c9a-4c1b-b8a2-9c0d4fe71201,05:00,22:00
503,v-143,Thị trấn Đông Anh,Đông Anh,Hà Nội,a1f3b6e4-2c9a-4c1b-b8a2-9c0d4fe71201,05:00,22:00
504,v-143,Thị trấn Đông Anh,Đông Anh,Hà Nội,a1f3b6e4-2c9a-4c1b-b8a2-9c0d4fe71201,05:00,22:00
505,v-144,Tiên Dương,Đông Anh,Hà Nội,a1f3b6e4-2c9a-4c1b-b8a2-9c0d4fe71201,05:00,22:00
506,v-144,Tiên Dương,Đông Anh,Hà Nội,e3a7b9d9-5c2f-4d33-b4c4-33f1d765cd04,05:00,22:00
507,v-145,Uy Nỗ,Đông Anh,Hà Nội,e3a7b9d9-5c2f-4d33-b4c4-33f1d765cd04,05:00,22:00
508,v-145,Uy Nỗ,Đông Anh,Hà Nội,a1f3b6e4-2c9a-4c1b-b8a2-9c0d4fe71201,05:00,22:00
509,v-145,Uy Nỗ,Đông Anh,Hà Nội,a1f3b6e4-2c9a-4c1b-b8a2-9c0d4fe71201,05:00,22:00
510,v-145,Uy Nỗ,Đông Anh,Hà Nội,a1f3b6e4-2c9a-4c1b-b8a2-9c0d4fe71201,05:00,22:00
511,v-145,Uy Nỗ,Đông Anh,Hà Nội,a1f3b6e4-2c9a-4c1b-b8a2-9c0d4fe71201,05:00,22:00
512,v-146,Phương Liệt,Thanh Xuân,Hà Nội,e3a7b9d9-5c2f-4d33-b4c4-33f1d765cd04,05:00,22:00
513,v-146,Phương Liệt,Thanh Xuân,Hà Nội,e3a7b9d9-5c2f-4d33-b4c4-33f1d765cd04,05:00,22:00
514,v-146,Phương Liệt,Thanh Xuân,Hà Nội,a1f3b6e4-2c9a-4c1b-b8a2-9c0d4fe71201,05:00,22:00
515,v-146,Phương Liệt,Thanh Xuân,Hà Nội,e3a7b9d9-5c2f-4d33-b4c4-33f1d765cd04,05:00,22:00
516,v-147,Uy Nỗ,Đông Anh,Hà Nội,a1f3b6e4-2c9a-4c1b-b8a2-9c0d4fe71201,05:00,22:00
517,v-147,Uy Nỗ,Đông Anh,Hà Nội,e3a7b9d9-5c2f-4d33-b4c4-33f1d765cd04,05:00,22:00
518,v-147,Uy Nỗ,Đông Anh,Hà Nội,e3a7b9d9-5c2f-4d33-b4c4-33f1d765cd04,05:00,22:00
519,v-147,Uy Nỗ,Đông Anh,Hà Nội,e3a7b9d9-5c2f-4d33-b4c4-33f1d765cd04,05:00,22:00
520,v-147,Uy Nỗ,Đông Anh,Hà Nội,e3a7b9d9-5c2f-4d33-b4c4-33f1d765cd04,05:00,22:00
521,v-148,Uy Nỗ,Đông Anh,Hà Nội,a1f3b6e4-2c9a-4c1b-b8a2-9c0d4fe71201,05:00,22:00
522,v-148,Uy Nỗ,Đông Anh,Hà Nội,a1f3b6e4-2c9a-4c1b-b8a2-9c0d4fe71201,05:00,22:00
523,v-148,Uy Nỗ,Đông Anh,Hà Nội,a1f3b6e4-2c9a-4c1b-b8a2-9c0d4fe71201,05:00,22:00
524,v-149,Tây Mỗ,Nam Từ Liêm,Hà Nội,e3a7b9d9-5c2f-4d33-b4c4-33f1d765cd04,05:00,22:00
525,v-149,Tây Mỗ,Nam Từ Liêm,Hà Nội,e3a7b9d9-5c2f-4d33-b4c4-33f1d765cd04,05:00,22:00
526,v-150,Dương Nội,Hà Đông,Hà Nội,a1f3b6e4-2c9a-4c1b-b8a2-9c0d4fe71201,05:00,22:00
527,v-150,Dương Nội,Hà Đông,Hà Nội,a1f3b6e4-2c9a-4c1b-b8a2-9c0d4fe71201,05:00,22:00
528,v-151,Phúc Tân,Hoàn Kiếm,Hà Nội,e3a7b9d9-5c2f-4d33-b4c4-33f1d765cd02,05:00,22:00
529,v-151,Phúc Tân,Hoàn Kiếm,Hà Nội,e3a7b9d9-5c2f-4d33-b4c4-33f1d765cd02,05:00,22:00
530,v-151,Phúc Tân,Hoàn Kiếm,Hà Nội,e3a7b9d9-5c2f-4d33-b4c4-33f1d765cd02,05:00,22:00
531,v-151,Phúc Tân,Hoàn Kiếm,Hà Nội,e3a7b9d9-5c2f-4d33-b4c4-33f1d765cd02,05:00,22:00
532,v-151,Phúc Tân,Hoàn Kiếm,Hà Nội,e3a7b9d9-5c2f-4d33-b4c4-33f1d765cd02,05:00,22:00
533,v-152,Trần Hưng Đạo,Hoàn Kiếm,Hà Nội,e3a7b9d9-5c2f-4d33-b4c4-33f1d765cd05,05:00,22:00
534,v-152,Trần Hưng Đạo,Hoàn Kiếm,Hà Nội,e3a7b9d9-5c2f-4d33-b4c4-33f1d765cd05,05:00,22:00
535,v-152,Trần Hưng Đạo,Hoàn Kiếm,Hà Nội,e3a7b9d9-5c2f-4d33-b4c4-33f1d765cd05,05:00,22:00
536,v-152,Trần Hưng Đạo,Hoàn Kiếm,Hà Nội,e3a7b9d9-5c2f-4d33-b4c4-33f1d765cd05,05:00,22:00
537,v-152,Trần Hưng Đạo,Hoàn Kiếm,Hà Nội,e3a7b9d9-5c2f-4d33-b4c4-33f1d765cd05,05:00,22:00
538,v-153,Phúc Lợi,Long Biên,Hà Nội,e3a7b9d9-5c2f-4d33-b4c4-33f1d765cd02,05:00,22:00
539,v-153,Phúc Lợi,Long Biên,Hà Nội,e3a7b9d9-5c2f-4d33-b4c4-33f1d765cd02,05:00,22:00
540,v-153,Phúc Lợi,Long Biên,Hà Nội,e3a7b9d9-5c2f-4d33-b4c4-33f1d765cd02,05:00,22:00
541,v-153,Phúc Lợi,Long Biên,Hà Nội,e3a7b9d9-5c2f-4d33-b4c4-33f1d765cd02,05:00,22:00
542,v-153,Phúc Lợi,Long Biên,Hà Nội,e3a7b9d9-5c2f-4d33-b4c4-33f1d765cd02,05:00,22:00
543,v-154,Ngọc Lâm,Long Biên,Hà Nội,e3a7b9d9-5c2f-4d33-b4c4-33f1d765cd04,05:00,22:00
544,v-154,Ngọc Lâm,Long Biên,Hà Nội,e3a7b9d9-5c2f-4d33-b4c4-33f1d765cd04,05:00,22:00
545,v-154,Ngọc Lâm,Long Biên,Hà Nội,e3a7b9d9-5c2f-4d33-b4c4-33f1d765cd04,05:00,22:00
546,v-154,Ngọc Lâm,Long Biên,Hà Nội,e3a7b9d9-5c2f-4d33-b4c4-33f1d765cd04,05:00,22:00
547,v-154,Ngọc Lâm,Long Biên,Hà Nội,e3a7b9d9-5c2f-4d33-b4c4-33f1d765cd04,05:00,22:00
548,v-155,Đức Giang,Long Biên,Hà Nội,e3a7b9d9-5c2f-4d33-b4c4-33f1d765cd02,05:00,22:00
549,v-155,Đức Giang,Long Biên,Hà Nội,e3a7b9d9-5c2f-4d33-b4c4-33f1d765cd02,05:00,22:00
550,v-155,Đức Giang,Long Biên,Hà Nội,e3a7b9d9-5c2f-4d33-b4c4-33f1d765cd02,05:00,22:00
551,v-155,Đức Giang,Long Biên,Hà Nội,e3a7b9d9-5c2f-4d33-b4c4-33f1d765cd02,05:00,22:00
552,v-155,Đức Giang,Long Biên,Hà Nội,e3a7b9d9-5c2f-4d33-b4c4-33f1d765cd02,05:00,22:00
553,v-156,Thượng Thanh,Long Biên,Hà Nội,e3a7b9d9-5c2f-4d33-b4c4-33f1d765cd03,05:00,22:00
554,v-156,Thượng Thanh,Long Biên,Hà Nội,e3a7b9d9-5c2f-4d33-b4c4-33f1d765cd03,05:00,22:00
555,v-156,Thượng Thanh,Long Biên,Hà Nội,e3a7b9d9-5c2f-4d33-b4c4-33f1d765cd03,05:00,22:00
556,v-156,Thượng Thanh,Long Biên,Hà Nội,e3a7b9d9-5c2f-4d33-b4c4-33f1d765cd03,05:00,22:00
557,v-156,Thượng Thanh,Long Biên,Hà Nội,e3a7b9d9-5c2f-4d33-b4c4-33f1d765cd03,05:00,22:00
558,v-157,Thượng Thanh,Long Biên,Hà Nội,e3a7b9d9-5c2f-4d33-b4c4-33f1d765cd02,05:00,22:00
559,v-157,Thượng Thanh,Long Biên,Hà Nội,e3a7b9d9-5c2f-4d33-b4c4-33f1d765cd02,05:00,22:00
560,v-157,Thượng Thanh,Long Biên,Hà Nội,e3a7b9d9-5c2f-4d33-b4c4-33f1d765cd02,05:00,22:00
561,v-157,Thượng Thanh,Long Biên,Hà Nội,e3a7b9d9-5c2f-4d33-b4c4-33f1d765cd02,05:00,22:00
562,v-157,Thượng Thanh,Long Biên,Hà Nội,e3a7b9d9-5c2f-4d33-b4c4-33f1d765cd02,05:00,22:00
563,v-158,Đại Kim,Hoàng Mai,Hà Nội,a1f3b6e4-2c9a-4c1b-b8a2-9c0d4fe71201,05:00,22:00
564,v-158,Đại Kim,Hoàng Mai,Hà Nội,a1f3b6e4-2c9a-4c1b-b8a2-9c0d4fe71201,05:00,22:00
565,v-158,Đại Kim,Hoàng Mai,Hà Nội,a1f3b6e4-2c9a-4c1b-b8a2-9c0d4fe71201,05:00,22:00
566,v-158,Đại Kim,Hoàng Mai,Hà Nội,a1f3b6e4-2c9a-4c1b-b8a2-9c0d4fe71201,05:00,22:00
567,v-158,Đại Kim,Hoàng Mai,Hà Nội,a1f3b6e4-2c9a-4c1b-b8a2-9c0d4fe71201,05:00,22:00
568,v-159,Sài Đồng,Long Biên,Hà Nội,e3a7b9d9-5c2f-4d33-b4c4-33f1d765cd02,05:00,22:00
569,v-159,Sài Đồng,Long Biên,Hà Nội,e3a7b9d9-5c2f-4d33-b4c4-33f1d765cd02,05:00,22:00
570,v-159,Sài Đồng,Long Biên,Hà Nội,e3a7b9d9-5c2f-4d33-b4c4-33f1d765cd02,05:00,22:00
571,v-159,Sài Đồng,Long Biên,Hà Nội,e3a7b9d9-5c2f-4d33-b4c4-33f1d765cd02,05:00,22:00
572,v-159,Sài Đồng,Long Biên,Hà Nội,e3a7b9d9-5c2f-4d33-b4c4-33f1d765cd02,05:00,22:00
573,v-160,Cự Khối,Long Biên,Hà Nội,e3a7b9d9-5c2f-4d33-b4c4-33f1d765cd05,05:00,22:00
574,v-160,Cự Khối,Long Biên,Hà Nội,e3a7b9d9-5c2f-4d33-b4c4-33f1d765cd05,05:00,22:00
575,v-160,Cự Khối,Long Biên,Hà Nội,e3a7b9d9-5c2f-4d33-b4c4-33f1d765cd05,05:00,22:00
576,v-160,Cự Khối,Long Biên,Hà Nội,e3a7b9d9-5c2f-4d33-b4c4-33f1d765cd05,05:00,22:00
577,v-160,Cự Khối,Long Biên,Hà Nội,e3a7b9d9-5c2f-4d33-b4c4-33f1d765cd05,05:00,22:00
578,v-161,Thạch Bàn,Long Biên,Hà Nội,e3a7b9d9-5c2f-4d33-b4c4-33f1d765cd02,05:00,22:00
579,v-161,Thạch Bàn,Long Biên,Hà Nội,e3a7b9d9-5c2f-4d33-b4c4-33f1d765cd02,05:00,22:00
580,v-161,Thạch Bàn,Long Biên,Hà Nội,e3a7b9d9-5c2f-4d33-b4c4-33f1d765cd02,05:00,22:00
581,v-161,Thạch Bàn,Long Biên,Hà Nội,e3a7b9d9-5c2f-4d33-b4c4-33f1d765cd02,05:00,22:00
582,v-161,Thạch Bàn,Long Biên,Hà Nội,e3a7b9d9-5c2f-4d33-b4c4-33f1d765cd02,05:00,22:00
583,v-162,Bồ Đề,Long Biên,Hà Nội,e3a7b9d9-5c2f-4d33-b4c4-33f1d765cd04,05:00,22:00
584,v-162,Bồ Đề,Long Biên,Hà Nội,e3a7b9d9-5c2f-4d33-b4c4-33f1d765cd04,05:00,22:00
585,v-162,Bồ Đề,Long Biên,Hà Nội,e3a7b9d9-5c2f-4d33-b4c4-33f1d765cd04,05:00,22:00
586,v-162,Bồ Đề,Long Biên,Hà Nội,e3a7b9d9-5c2f-4d33-b4c4-33f1d765cd04,05:00,22:00
587,v-162,Bồ Đề,Long Biên,Hà Nội,e3a7b9d9-5c2f-4d33-b4c4-33f1d765cd04,05:00,22:00
588,v-163,Giang Biên,Long Biên,Hà Nội,e3a7b9d9-5c2f-4d33-b4c4-33f1d765cd02,05:00,22:00
589,v-163,Giang Biên,Long Biên,Hà Nội,e3a7b9d9-5c2f-4d33-b4c4-33f1d765cd02,05:00,22:00
590,v-163,Giang Biên,Long Biên,Hà Nội,e3a7b9d9-5c2f-4d33-b4c4-33f1d765cd02,05:00,22:00
591,v-163,Giang Biên,Long Biên,Hà Nội,e3a7b9d9-5c2f-4d33-b4c4-33f1d765cd02,05:00,22:00
592,v-163,Giang Biên,Long Biên,Hà Nội,e3a7b9d9-5c2f-4d33-b4c4-33f1d765cd02,05:00,22:00
593,v-164,Thượng Thanh,Long Biên,Hà Nội,e3a7b9d9-5c2f-4d33-b4c4-33f1d765cd03,05:00,22:00
594,v-164,Thượng Thanh,Long Biên,Hà Nội,e3a7b9d9-5c2f-4d33-b4c4-33f1d765cd03,05:00,22:00
595,v-164,Thượng Thanh,Long Biên,Hà Nội,e3a7b9d9-5c2f-4d33-b4c4-33f1d765cd03,05:00,22:00
596,v-164,Thượng Thanh,Long Biên,Hà Nội,e3a7b9d9-5c2f-4d33-b4c4-33f1d765cd03,05:00,22:00
597,v-164,Thượng Thanh,Long Biên,Hà Nội,e3a7b9d9-5c2f-4d33-b4c4-33f1d765cd03,05:00,22:00
598,v-165,Thanh Liệt,Thanh Trì,Hà Nội,e3a7b9d9-5c2f-4d33-b4c4-33f1d765cd02,05:00,22:00
599,v-165,Thanh Liệt,Thanh Trì,Hà Nội,e3a7b9d9-5c2f-4d33-b4c4-33f1d765cd02,05:00,22:00
600,v-165,Thanh Liệt,Thanh Trì,Hà Nội,e3a7b9d9-5c2f-4d33-b4c4-33f1d765cd02,05:00,22:00
601,v-165,Thanh Liệt,Thanh Trì,Hà Nội,e3a7b9d9-5c2f-4d33-b4c4-33f1d765cd02,05:00,22:00
602,v-165,Thanh Liệt,Thanh Trì,Hà Nội,e3a7b9d9-5c2f-4d33-b4c4-33f1d765cd02,05:00,22:00
603,v-166,Bắc Hồng,Đông Anh,Hà Nội,a1f3b6e4-2c9a-4c1b-b8a2-9c0d4fe71201,05:00,22:00
604,v-166,Bắc Hồng,Đông Anh,Hà Nội,a1f3b6e4-2c9a-4c1b-b8a2-9c0d4fe71201,05:00,22:00
605,v-166,Bắc Hồng,Đông Anh,Hà Nội,a1f3b6e4-2c9a-4c1b-b8a2-9c0d4fe71201,05:00,22:00
606,v-166,Bắc Hồng,Đông Anh,Hà Nội,a1f3b6e4-2c9a-4c1b-b8a2-9c0d4fe71201,05:00,22:00
607,v-166,Bắc Hồng,Đông Anh,Hà Nội,a1f3b6e4-2c9a-4c1b-b8a2-9c0d4fe71201,05:00,22:00
608,v-167,Bồ Đề,Long Biên,Hà Nội,e3a7b9d9-5c2f-4d33-b4c4-33f1d765cd02,05:00,22:00
609,v-167,Bồ Đề,Long Biên,Hà Nội,e3a7b9d9-5c2f-4d33-b4c4-33f1d765cd02,05:00,22:00
610,v-167,Bồ Đề,Long Biên,Hà Nội,e3a7b9d9-5c2f-4d33-b4c4-33f1d765cd02,05:00,22:00
611,v-167,Bồ Đề,Long Biên,Hà Nội,e3a7b9d9-5c2f-4d33-b4c4-33f1d765cd02,05:00,22:00
612,v-167,Bồ Đề,Long Biên,Hà Nội,e3a7b9d9-5c2f-4d33-b4c4-33f1d765cd02,05:00,22:00
613,v-168,Việt Hưng,Long Biên,Hà Nội,e3a7b9d9-5c2f-4d33-b4c4-33f1d765cd05,05:00,22:00
614,v-168,Việt Hưng,Long Biên,Hà Nội,e3a7b9d9-5c2f-4d33-b4c4-33f1d765cd05,05:00,22:00
615,v-168,Việt Hưng,Long Biên,Hà Nội,e3a7b9d9-5c2f-4d33-b4c4-33f1d765cd05,05:00,22:00
616,v-168,Việt Hưng,Long Biên,Hà Nội,e3a7b9d9-5c2f-4d33-b4c4-33f1d765cd05,05:00,22:00
617,v-168,Việt Hưng,Long Biên,Hà Nội,e3a7b9d9-5c2f-4d33-b4c4-33f1d765cd05,05:00,22:00
618,v-169,Thượng Thanh,Long Biên,Hà Nội,e3a7b9d9-5c2f-4d33-b4c4-33f1d765cd02,05:00,22:00
619,v-169,Thượng Thanh,Long Biên,Hà Nội,e3a7b9d9-5c2f-4d33-b4c4-33f1d765cd02,05:00,22:00
620,v-169,Thượng Thanh,Long Biên,Hà Nội,e3a7b9d9-5c2f-4d33-b4c4-33f1d765cd02,05:00,22:00
621,v-169,Thượng Thanh,Long Biên,Hà Nội,e3a7b9d9-5c2f-4d33-b4c4-33f1d765cd02,05:00,22:00
622,v-169,Thượng Thanh,Long Biên,Hà Nội,e3a7b9d9-5c2f-4d33-b4c4-33f1d765cd02,05:00,22:00
623,v-170,Gia Thụy,Long Biên,Hà Nội,e3a7b9d9-5c2f-4d33-b4c4-33f1d765cd04,05:00,22:00
624,v-170,Gia Thụy,Long Biên,Hà Nội,e3a7b9d9-5c2f-4d33-b4c4-33f1d765cd04,05:00,22:00
625,v-170,Gia Thụy,Long Biên,Hà Nội,e3a7b9d9-5c2f-4d33-b4c4-33f1d765cd04,05:00,22:00
626,v-170,Gia Thụy,Long Biên,Hà Nội,e3a7b9d9-5c2f-4d33-b4c4-33f1d765cd04,05:00,22:00
627,v-170,Gia Thụy,Long Biên,Hà Nội,e3a7b9d9-5c2f-4d33-b4c4-33f1d765cd04,05:00,22:00
628,v-171,Ngọc Lâm,Long Biên,Hà Nội,e3a7b9d9-5c2f-4d33-b4c4-33f1d765cd02,05:00,22:00
629,v-171,Ngọc Lâm,Long Biên,Hà Nội,e3a7b9d9-5c2f-4d33-b4c4-33f1d765cd02,05:00,22:00
630,v-171,Ngọc Lâm,Long Biên,Hà Nội,e3a7b9d9-5c2f-4d33-b4c4-33f1d765cd02,05:00,22:00
631,v-171,Ngọc Lâm,Long Biên,Hà Nội,e3a7b9d9-5c2f-4d33-b4c4-33f1d765cd02,05:00,22:00
632,v-171,Ngọc Lâm,Long Biên,Hà Nội,e3a7b9d9-5c2f-4d33-b4c4-33f1d765cd02,05:00,22:00
633,v-172,Thượng Thanh,Long Biên,Hà Nội,e3a7b9d9-5c2f-4d33-b4c4-33f1d765cd03,05:00,22:00
634,v-172,Thượng Thanh,Long Biên,Hà Nội,e3a7b9d9-5c2f-4d33-b4c4-33f1d765cd03,05:00,22:00
635,v-172,Thượng Thanh,Long Biên,Hà Nội,e3a7b9d9-5c2f-4d33-b4c4-33f1d765cd03,05:00,22:00
636,v-172,Thượng Thanh,Long Biên,Hà Nội,e3a7b9d9-5c2f-4d33-b4c4-33f1d765cd03,05:00,22:00
637,v-172,Thượng Thanh,Long Biên,Hà Nội,e3a7b9d9-5c2f-4d33-b4c4-33f1d765cd03,05:00,22:00
638,v-173,Thượng Thanh,Long Biên,Hà Nội,e3a7b9d9-5c2f-4d33-b4c4-33f1d765cd02,05:00,22:00
639,v-173,Thượng Thanh,Long Biên,Hà Nội,e3a7b9d9-5c2f-4d33-b4c4-33f1d765cd02,05:00,22:00
640,v-173,Thượng Thanh,Long Biên,Hà Nội,e3a7b9d9-5c2f-4d33-b4c4-33f1d765cd02,05:00,22:00
641,v-173,Thượng Thanh,Long Biên,Hà Nội,e3a7b9d9-5c2f-4d33-b4c4-33f1d765cd02,05:00,22:00
642,v-173,Thượng Thanh,Long Biên,Hà Nội,e3a7b9d9-5c2f-4d33-b4c4-33f1d765cd02,05:00,22:00
643,v-174,Ngọc Thụy,Long Biên,Hà Nội,a1f3b6e4-2c9a-4c1b-b8a2-9c0d4fe71201,05:00,22:00
644,v-174,Ngọc Thụy,Long Biên,Hà Nội,a1f3b6e4-2c9a-4c1b-b8a2-9c0d4fe71201,05:00,22:00
645,v-174,Ngọc Thụy,Long Biên,Hà Nội,a1f3b6e4-2c9a-4c1b-b8a2-9c0d4fe71201,05:00,22:00
646,v-174,Ngọc Thụy,Long Biên,Hà Nội,a1f3b6e4-2c9a-4c1b-b8a2-9c0d4fe71201,05:00,22:00
647,v-174,Ngọc Thụy,Long Biên,Hà Nội,a1f3b6e4-2c9a-4c1b-b8a2-9c0d4fe71201,05:00,22:00
648,v-175,Gia Thụy,Long Biên,Hà Nội,e3a7b9d9-5c2f-4d33-b4c4-33f1d765cd02,05:00,22:00
649,v-175,Gia Thụy,Long Biên,Hà Nội,e3a7b9d9-5c2f-4d33-b4c4-33f1d765cd02,05:00,22:00
650,v-175,Gia Thụy,Long Biên,Hà Nội,e3a7b9d9-5c2f-4d33-b4c4-33f1d765cd02,05:00,22:00
651,v-175,Gia Thụy,Long Biên,Hà Nội,e3a7b9d9-5c2f-4d33-b4c4-33f1d765cd02,05:00,22:00
652,v-175,Gia Thụy,Long Biên,Hà Nội,e3a7b9d9-5c2f-4d33-b4c4-33f1d765cd02,05:00,22:00
653,v-176,Đức Giang,Long Biên,Hà Nội,e3a7b9d9-5c2f-4d33-b4c4-33f1d765cd05,05:00,22:00
654,v-176,Đức Giang,Long Biên,Hà Nội,e3a7b9d9-5c2f-4d33-b4c4-33f1d765cd05,05:00,22:00
655,v-176,Đức Giang,Long Biên,Hà Nội,e3a7b9d9-5c2f-4d33-b4c4-33f1d765cd05,05:00,22:00
656,v-176,Đức Giang,Long Biên,Hà Nội,e3a7b9d9-5c2f-4d33-b4c4-33f1d765cd05,05:00,22:00
657,v-176,Đức Giang,Long Biên,Hà Nội,e3a7b9d9-5c2f-4d33-b4c4-33f1d765cd05,05:00,22:00
658,v-177,Ngọc Lâm,Long Biên,Hà Nội,e3a7b9d9-5c2f-4d33-b4c4-33f1d765cd02,05:00,22:00
659,v-177,Ngọc Lâm,Long Biên,Hà Nội,e3a7b9d9-5c2f-4d33-b4c4-33f1d765cd02,05:00,22:00
660,v-177,Ngọc Lâm,Long Biên,Hà Nội,e3a7b9d9-5c2f-4d33-b4c4-33f1d765cd02,05:00,22:00
661,v-177,Ngọc Lâm,Long Biên,Hà Nội,e3a7b9d9-5c2f-4d33-b4c4-33f1d765cd02,05:00,22:00
662,v-177,Ngọc Lâm,Long Biên,Hà Nội,e3a7b9d9-5c2f-4d33-b4c4-33f1d765cd02,05:00,22:00
663,v-178,Thượng Thanh,Long Biên,Hà Nội,e3a7b9d9-5c2f-4d33-b4c4-33f1d765cd04,05:00,22:00
664,v-178,Thượng Thanh,Long Biên,Hà Nội,e3a7b9d9-5c2f-4d33-b4c4-33f1d765cd04,05:00,22:00
665,v-178,Thượng Thanh,Long Biên,Hà Nội,e3a7b9d9-5c2f-4d33-b4c4-33f1d765cd04,05:00,22:00
666,v-178,Thượng Thanh,Long Biên,Hà Nội,e3a7b9d9-5c2f-4d33-b4c4-33f1d765cd04,05:00,22:00
667,v-178,Thượng Thanh,Long Biên,Hà Nội,e3a7b9d9-5c2f-4d33-b4c4-33f1d765cd04,05:00,22:00
668,v-179,Thượng Thanh,Long Biên,Hà Nội,e3a7b9d9-5c2f-4d33-b4c4-33f1d765cd02,05:00,22:00
669,v-179,Thượng Thanh,Long Biên,Hà Nội,e3a7b9d9-5c2f-4d33-b4c4-33f1d765cd02,05:00,22:00
670,v-179,Thượng Thanh,Long Biên,Hà Nội,e3a7b9d9-5c2f-4d33-b4c4-33f1d765cd02,05:00,22:00
671,v-179,Thượng Thanh,Long Biên,Hà Nội,e3a7b9d9-5c2f-4d33-b4c4-33f1d765cd02,05:00,22:00
672,v-179,Thượng Thanh,Long Biên,Hà Nội,e3a7b9d9-5c2f-4d33-b4c4-33f1d765cd02,05:00,22:00
673,v-180,Ngọc Lâm,Long Biên,Hà Nội,e3a7b9d9-5c2f-4d33-b4c4-33f1d765cd03,05:00,22:00
674,v-180,Ngọc Lâm,Long Biên,Hà Nội,e3a7b9d9-5c2f-4d33-b4c4-33f1d765cd03,05:00,22:00
675,v-180,Ngọc Lâm,Long Biên,Hà Nội,e3a7b9d9-5c2f-4d33-b4c4-33f1d765cd03,05:00,22:00
676,v-180,Ngọc Lâm,Long Biên,Hà Nội,e3a7b9d9-5c2f-4d33-b4c4-33f1d765cd03,05:00,22:00
677,v-180,Ngọc Lâm,Long Biên,Hà Nội,e3a7b9d9-5c2f-4d33-b4c4-33f1d765cd03,05:00,22:00
678,v-181,Trung Văn,Nam Từ Liêm,Hà Nội,e3a7b9d9-5c2f-4d33-b4c4-33f1d765cd02,05:00,22:00
679,v-181,Trung Văn,Nam Từ Liêm,Hà Nội,e3a7b9d9-5c2f-4d33-b4c4-33f1d765cd02,05:00,22:00
680,v-181,Trung Văn,Nam Từ Liêm,Hà Nội,e3a7b9d9-5c2f-4d33-b4c4-33f1d765cd02,05:00,22:00
681,v-181,Trung Văn,Nam Từ Liêm,Hà Nội,e3a7b9d9-5c2f-4d33-b4c4-33f1d765cd02,05:00,22:00
682,v-181,Trung Văn,Nam Từ Liêm,Hà Nội,e3a7b9d9-5c2f-4d33-b4c4-33f1d765cd02,05:00,22:00
683,v-182,Hoàng Văn Thụ,Hoàng Mai,Hà Nội,a1f3b6e4-2c9a-4c1b-b8a2-9c0d4fe71201,05:00,22:00
684,v-182,Hoàng Văn Thụ,Hoàng Mai,Hà Nội,a1f3b6e4-2c9a-4c1b-b8a2-9c0d4fe71201,05:00,22:00
685,v-182,Hoàng Văn Thụ,Hoàng Mai,Hà Nội,a1f3b6e4-2c9a-4c1b-b8a2-9c0d4fe71201,05:00,22:00
686,v-182,Hoàng Văn Thụ,Hoàng Mai,Hà Nội,a1f3b6e4-2c9a-4c1b-b8a2-9c0d4fe71201,05:00,22:00
687,v-182,Hoàng Văn Thụ,Hoàng Mai,Hà Nội,a1f3b6e4-2c9a-4c1b-b8a2-9c0d4fe71201,05:00,22:00
688,v-183,Dương Nội,Hà Đông,Hà Nội,e3a7b9d9-5c2f-4d33-b4c4-33f1d765cd02,05:00,22:00
689,v-183,Dương Nội,Hà Đông,Hà Nội,e3a7b9d9-5c2f-4d33-b4c4-33f1d765cd02,05:00,22:00
690,v-183,Dương Nội,Hà Đông,Hà Nội,e3a7b9d9-5c2f-4d33-b4c4-33f1d765cd02,05:00,22:00
691,v-183,Dương Nội,Hà Đông,Hà Nội,e3a7b9d9-5c2f-4d33-b4c4-33f1d765cd02,05:00,22:00
692,v-183,Dương Nội,Hà Đông,Hà Nội,e3a7b9d9-5c2f-4d33-b4c4-33f1d765cd02,05:00,22:00
693,v-184,Giáp Bát,Hoàng Mai,Hà Nội,e3a7b9d9-5c2f-4d33-b4c4-33f1d765cd05,05:00,22:00
694,v-184,Giáp Bát,Hoàng Mai,Hà Nội,e3a7b9d9-5c2f-4d33-b4c4-33f1d765cd05,05:00,22:00
695,v-184,Giáp Bát,Hoàng Mai,Hà Nội,e3a7b9d9-5c2f-4d33-b4c4-33f1d765cd05,05:00,22:00
696,v-184,Giáp Bát,Hoàng Mai,Hà Nội,e3a7b9d9-5c2f-4d33-b4c4-33f1d765cd05,05:00,22:00
697,v-184,Giáp Bát,Hoàng Mai,Hà Nội,e3a7b9d9-5c2f-4d33-b4c4-33f1d765cd05,05:00,22:00
698,v-185,Vĩnh Tuy,Hai Bà Trưng,Hà Nội,e3a7b9d9-5c2f-4d33-b4c4-33f1d765cd02,05:00,22:00
699,v-185,Vĩnh Tuy,Hai Bà Trưng,Hà Nội,e3a7b9d9-5c2f-4d33-b4c4-33f1d765cd02,05:00,22:00
700,v-185,Vĩnh Tuy,Hai Bà Trưng,Hà Nội,e3a7b9d9-5c2f-4d33-b4c4-33f1d765cd02,05:00,22:00
701,v-185,Vĩnh Tuy,Hai Bà Trưng,Hà Nội,e3a7b9d9-5c2f-4d33-b4c4-33f1d765cd02,05:00,22:00
702,v-185,Vĩnh Tuy,Hai Bà Trưng,Hà Nội,e3a7b9d9-5c2f-4d33-b4c4-33f1d765cd02,05:00,22:00
703,v-186,Quang Trung,Hà Đông,Hà Nội,e3a7b9d9-5c2f-4d33-b4c4-33f1d765cd04,05:00,22:00
704,v-186,Quang Trung,Hà Đông,Hà Nội,e3a7b9d9-5c2f-4d33-b4c4-33f1d765cd04,05:00,22:00
705,v-186,Quang Trung,Hà Đông,Hà Nội,e3a7b9d9-5c2f-4d33-b4c4-33f1d765cd04,05:00,22:00
706,v-186,Quang Trung,Hà Đông,Hà Nội,e3a7b9d9-5c2f-4d33-b4c4-33f1d765cd04,05:00,22:00
707,v-186,Quang Trung,Hà Đông,Hà Nội,e3a7b9d9-5c2f-4d33-b4c4-33f1d765cd04,05:00,22:00
708,v-187,Quang Trung,Hà Đông,Hà Nội,e3a7b9d9-5c2f-4d33-b4c4-33f1d765cd02,05:00,22:00
709,v-187,Quang Trung,Hà Đông,Hà Nội,e3a7b9d9-5c2f-4d33-b4c4-33f1d765cd02,05:00,22:00
710,v-187,Quang Trung,Hà Đông,Hà Nội,e3a7b9d9-5c2f-4d33-b4c4-33f1d765cd02,05:00,22:00
711,v-187,Quang Trung,Hà Đông,Hà Nội,e3a7b9d9-5c2f-4d33-b4c4-33f1d765cd02,05:00,22:00
712,v-187,Quang Trung,Hà Đông,Hà Nội,e3a7b9d9-5c2f-4d33-b4c4-33f1d765cd02,05:00,22:00
713,v-188,Phúc La,Hà Đông,Hà Nội,e3a7b9d9-5c2f-4d33-b4c4-33f1d765cd03,05:00,22:00
714,v-188,Phúc La,Hà Đông,Hà Nội,e3a7b9d9-5c2f-4d33-b4c4-33f1d765cd03,05:00,22:00
715,v-188,Phúc La,Hà Đông,Hà Nội,e3a7b9d9-5c2f-4d33-b4c4-33f1d765cd03,05:00,22:00
716,v-188,Phúc La,Hà Đông,Hà Nội,e3a7b9d9-5c2f-4d33-b4c4-33f1d765cd03,05:00,22:00
717,v-188,Phúc La,Hà Đông,Hà Nội,e3a7b9d9-5c2f-4d33-b4c4-33f1d765cd03,05:00,22:00
718,v-189,Tân Triều,Thanh Trì,Hà Nội,e3a7b9d9-5c2f-4d33-b4c4-33f1d765cd02,05:00,22:00
719,v-189,Tân Triều,Thanh Trì,Hà Nội,e3a7b9d9-5c2f-4d33-b4c4-33f1d765cd02,05:00,22:00
720,v-189,Tân Triều,Thanh Trì,Hà Nội,e3a7b9d9-5c2f-4d33-b4c4-33f1d765cd02,05:00,22:00
721,v-189,Tân Triều,Thanh Trì,Hà Nội,e3a7b9d9-5c2f-4d33-b4c4-33f1d765cd02,05:00,22:00
722,v-189,Tân Triều,Thanh Trì,Hà Nội,e3a7b9d9-5c2f-4d33-b4c4-33f1d765cd02,05:00,22:00
723,v-190,Thanh Liệt,Thanh Trì,Hà Nội,a1f3b6e4-2c9a-4c1b-b8a2-9c0d4fe71201,05:00,22:00
724,v-190,Thanh Liệt,Thanh Trì,Hà Nội,a1f3b6e4-2c9a-4c1b-b8a2-9c0d4fe71201,05:00,22:00
725,v-190,Thanh Liệt,Thanh Trì,Hà Nội,a1f3b6e4-2c9a-4c1b-b8a2-9c0d4fe71201,05:00,22:00
726,v-190,Thanh Liệt,Thanh Trì,Hà Nội,a1f3b6e4-2c9a-4c1b-b8a2-9c0d4fe71201,05:00,22:00
727,v-190,Thanh Liệt,Thanh Trì,Hà Nội,a1f3b6e4-2c9a-4c1b-b8a2-9c0d4fe71201,05:00,22:00
728,v-191,Tân Triều,Thanh Trì,Hà Nội,e3a7b9d9-5c2f-4d33-b4c4-33f1d765cd02,05:00,22:00
729,v-191,Tân Triều,Thanh Trì,Hà Nội,e3a7b9d9-5c2f-4d33-b4c4-33f1d765cd02,05:00,22:00
730,v-191,Tân Triều,Thanh Trì,Hà Nội,e3a7b9d9-5c2f-4d33-b4c4-33f1d765cd02,05:00,22:00
731,v-191,Tân Triều,Thanh Trì,Hà Nội,e3a7b9d9-5c2f-4d33-b4c4-33f1d765cd02,05:00,22:00
732,v-191,Tân Triều,Thanh Trì,Hà Nội,e3a7b9d9-5c2f-4d33-b4c4-33f1d765cd02,05:00,22:00
733,v-192,Tân Triều,Thanh Trì,Hà Nội,e3a7b9d9-5c2f-4d33-b4c4-33f1d765cd05,05:00,22:00
734,v-192,Tân Triều,Thanh Trì,Hà Nội,e3a7b9d9-5c2f-4d33-b4c4-33f1d765cd05,05:00,22:00
735,v-192,Tân Triều,Thanh Trì,Hà Nội,e3a7b9d9-5c2f-4d33-b4c4-33f1d765cd05,05:00,22:00
736,v-192,Tân Triều,Thanh Trì,Hà Nội,e3a7b9d9-5c2f-4d33-b4c4-33f1d765cd05,05:00,22:00
737,v-192,Tân Triều,Thanh Trì,Hà Nội,e3a7b9d9-5c2f-4d33-b4c4-33f1d765cd05,05:00,22:00
738,v-193,Định Công,Hoàng Mai,Hà Nội,e3a7b9d9-5c2f-4d33-b4c4-33f1d765cd02,05:00,22:00
739,v-193,Định Công,Hoàng Mai,Hà Nội,e3a7b9d9-5c2f-4d33-b4c4-33f1d765cd02,05:00,22:00
740,v-193,Định Công,Hoàng Mai,Hà Nội,e3a7b9d9-5c2f-4d33-b4c4-33f1d765cd02,05:00,22:00
741,v-193,Định Công,Hoàng Mai,Hà Nội,e3a7b9d9-5c2f-4d33-b4c4-33f1d765cd02,05:00,22:00
742,v-193,Định Công,Hoàng Mai,Hà Nội,e3a7b9d9-5c2f-4d33-b4c4-33f1d765cd02,05:00,22:00
743,v-194,Phương Mai,Đống Đa,Hà Nội,e3a7b9d9-5c2f-4d33-b4c4-33f1d765cd04,05:00,22:00
744,v-194,Phương Mai,Đống Đa,Hà Nội,e3a7b9d9-5c2f-4d33-b4c4-33f1d765cd04,05:00,22:00
745,v-194,Phương Mai,Đống Đa,Hà Nội,e3a7b9d9-5c2f-4d33-b4c4-33f1d765cd04,05:00,22:00
746,v-194,Phương Mai,Đống Đa,Hà Nội,e3a7b9d9-5c2f-4d33-b4c4-33f1d765cd04,05:00,22:00
747,v-194,Phương Mai,Đống Đa,Hà Nội,e3a7b9d9-5c2f-4d33-b4c4-33f1d765cd04,05:00,22:00
748,v-195,Cát Linh,Đống Đa,Hà Nội,e3a7b9d9-5c2f-4d33-b4c4-33f1d765cd02,05:00,22:00
749,v-195,Cát Linh,Đống Đa,Hà Nội,e3a7b9d9-5c2f-4d33-b4c4-33f1d765cd02,05:00,22:00
750,v-195,Cát Linh,Đống Đa,Hà Nội,e3a7b9d9-5c2f-4d33-b4c4-33f1d765cd02,05:00,22:00
751,v-195,Cát Linh,Đống Đa,Hà Nội,e3a7b9d9-5c2f-4d33-b4c4-33f1d765cd02,05:00,22:00
752,v-195,Cát Linh,Đống Đa,Hà Nội,e3a7b9d9-5c2f-4d33-b4c4-33f1d765cd02,05:00,22:00
753,v-196,Giáp Bát,Hoàng Mai,Hà Nội,e3a7b9d9-5c2f-4d33-b4c4-33f1d765cd03,05:00,22:00
754,v-196,Giáp Bát,Hoàng Mai,Hà Nội,e3a7b9d9-5c2f-4d33-b4c4-33f1d765cd03,05:00,22:00
755,v-196,Giáp Bát,Hoàng Mai,Hà Nội,e3a7b9d9-5c2f-4d33-b4c4-33f1d765cd03,05:00,22:00
756,v-196,Giáp Bát,Hoàng Mai,Hà Nội,e3a7b9d9-5c2f-4d33-b4c4-33f1d765cd03,05:00,22:00
757,v-196,Giáp Bát,Hoàng Mai,Hà Nội,e3a7b9d9-5c2f-4d33-b4c4-33f1d765cd03,05:00,22:00
758,v-197,Nhật Tân,Tây Hồ,Hà Nội,e3a7b9d9-5c2f-4d33-b4c4-33f1d765cd02,05:00,22:00
759,v-197,Nhật Tân,Tây Hồ,Hà Nội,e3a7b9d9-5c2f-4d33-b4c4-33f1d765cd02,05:00,22:00
760,v-197,Nhật Tân,Tây Hồ,Hà Nội,e3a7b9d9-5c2f-4d33-b4c4-33f1d765cd02,05:00,22:00
761,v-197,Nhật Tân,Tây Hồ,Hà Nội,e3a7b9d9-5c2f-4d33-b4c4-33f1d765cd02,05:00,22:00
762,v-197,Nhật Tân,Tây Hồ,Hà Nội,e3a7b9d9-5c2f-4d33-b4c4-33f1d765cd02,05:00,22:00
763,v-198,Phương Mai,Đống Đa,Hà Nội,a1f3b6e4-2c9a-4c1b-b8a2-9c0d4fe71201,05:00,22:00
764,v-198,Phương Mai,Đống Đa,Hà Nội,a1f3b6e4-2c9a-4c1b-b8a2-9c0d4fe71201,05:00,22:00
765,v-198,Phương Mai,Đống Đa,Hà Nội,a1f3b6e4-2c9a-4c1b-b8a2-9c0d4fe71201,05:00,22:00
766,v-198,Phương Mai,Đống Đa,Hà Nội,a1f3b6e4-2c9a-4c1b-b8a2-9c0d4fe71201,05:00,22:00
767,v-198,Phương Mai,Đống Đa,Hà Nội,a1f3b6e4-2c9a-4c1b-b8a2-9c0d4fe71201,05:00,22:00
768,v-199,Láng Thượng,Đống Đa,Hà Nội,e3a7b9d9-5c2f-4d33-b4c4-33f1d765cd02,05:00,22:00
769,v-199,Láng Thượng,Đống Đa,Hà Nội,e3a7b9d9-5c2f-4d33-b4c4-33f1d765cd02,05:00,22:00
770,v-199,Láng Thượng,Đống Đa,Hà Nội,e3a7b9d9-5c2f-4d33-b4c4-33f1d765cd02,05:00,22:00
771,v-199,Láng Thượng,Đống Đa,Hà Nội,e3a7b9d9-5c2f-4d33-b4c4-33f1d765cd02,05:00,22:00
772,v-199,Láng Thượng,Đống Đa,Hà Nội,e3a7b9d9-5c2f-4d33-b4c4-33f1d765cd02,05:00,22:00
773,v-200,Đại Kim,Hoàng Mai,Hà Nội,e3a7b9d9-5c2f-4d33-b4c4-33f1d765cd05,05:00,22:00
774,v-200,Đại Kim,Hoàng Mai,Hà Nội,e3a7b9d9-5c2f-4d33-b4c4-33f1d765cd05,05:00,22:00
775,v-200,Đại Kim,Hoàng Mai,Hà Nội,e3a7b9d9-5c2f-4d33-b4c4-33f1d765cd05,05:00,22:00
776,v-200,Đại Kim,Hoàng Mai,Hà Nội,e3a7b9d9-5c2f-4d33-b4c4-33f1d765cd05,05:00,22:00
777,v-200,Đại Kim,Hoàng Mai,Hà Nội,e3a7b9d9-5c2f-4d33-b4c4-33f1d765cd05,05:00,22:00
778,v-201,Phạm Đình Hổ,Hai Bà Trưng,Hà Nội,e3a7b9d9-5c2f-4d33-b4c4-33f1d765cd02,05:00,22:00
779,v-201,Phạm Đình Hổ,Hai Bà Trưng,Hà Nội,e3a7b9d9-5c2f-4d33-b4c4-33f1d765cd02,05:00,22:00
780,v-201,Phạm Đình Hổ,Hai Bà Trưng,Hà Nội,e3a7b9d9-5c2f-4d33-b4c4-33f1d765cd02,05:00,22:00
781,v-201,Phạm Đình Hổ,Hai Bà Trưng,Hà Nội,e3a7b9d9-5c2f-4d33-b4c4-33f1d765cd02,05:00,22:00
782,v-201,Phạm Đình Hổ,Hai Bà Trưng,Hà Nội,e3a7b9d9-5c2f-4d33-b4c4-33f1d765cd02,05:00,22:00
783,v-202,Trung Văn,Nam Từ Liêm,Hà Nội,e3a7b9d9-5c2f-4d33-b4c4-33f1d765cd04,05:00,22:00
784,v-202,Trung Văn,Nam Từ Liêm,Hà Nội,e3a7b9d9-5c2f-4d33-b4c4-33f1d765cd04,05:00,22:00
785,v-202,Trung Văn,Nam Từ Liêm,Hà Nội,e3a7b9d9-5c2f-4d33-b4c4-33f1d765cd04,05:00,22:00
786,v-202,Trung Văn,Nam Từ Liêm,Hà Nội,e3a7b9d9-5c2f-4d33-b4c4-33f1d765cd04,05:00,22:00
787,v-202,Trung Văn,Nam Từ Liêm,Hà Nội,e3a7b9d9-5c2f-4d33-b4c4-33f1d765cd04,05:00,22:00
788,v-203,Chương Dương,Hoàn Kiếm,Hà Nội,e3a7b9d9-5c2f-4d33-b4c4-33f1d765cd02,05:00,22:00
789,v-203,Chương Dương,Hoàn Kiếm,Hà Nội,e3a7b9d9-5c2f-4d33-b4c4-33f1d765cd02,05:00,22:00
790,v-203,Chương Dương,Hoàn Kiếm,Hà Nội,e3a7b9d9-5c2f-4d33-b4c4-33f1d765cd02,05:00,22:00
791,v-203,Chương Dương,Hoàn Kiếm,Hà Nội,e3a7b9d9-5c2f-4d33-b4c4-33f1d765cd02,05:00,22:00
792,v-203,Chương Dương,Hoàn Kiếm,Hà Nội,e3a7b9d9-5c2f-4d33-b4c4-33f1d765cd02,05:00,22:00
793,v-204,Thượng Thanh,Long Biên,Hà Nội,e3a7b9d9-5c2f-4d33-b4c4-33f1d765cd03,05:00,22:00
794,v-204,Thượng Thanh,Long Biên,Hà Nội,e3a7b9d9-5c2f-4d33-b4c4-33f1d765cd03,05:00,22:00
795,v-204,Thượng Thanh,Long Biên,Hà Nội,e3a7b9d9-5c2f-4d33-b4c4-33f1d765cd03,05:00,22:00
796,v-204,Thượng Thanh,Long Biên,Hà Nội,e3a7b9d9-5c2f-4d33-b4c4-33f1d765cd03,05:00,22:00
797,v-204,Thượng Thanh,Long Biên,Hà Nội,e3a7b9d9-5c2f-4d33-b4c4-33f1d765cd03,05:00,22:00
798,v-205,Nguyễn Trãi,Hà Đông,Hà Nội,e3a7b9d9-5c2f-4d33-b4c4-33f1d765cd02,05:00,22:00
799,v-205,Nguyễn Trãi,Hà Đông,Hà Nội,e3a7b9d9-5c2f-4d33-b4c4-33f1d765cd02,05:00,22:00
800,v-205,Nguyễn Trãi,Hà Đông,Hà Nội,e3a7b9d9-5c2f-4d33-b4c4-33f1d765cd02,05:00,22:00
801,v-205,Nguyễn Trãi,Hà Đông,Hà Nội,e3a7b9d9-5c2f-4d33-b4c4-33f1d765cd02,05:00,22:00
802,v-205,Nguyễn Trãi,Hà Đông,Hà Nội,e3a7b9d9-5c2f-4d33-b4c4-33f1d765cd02,05:00,22:00
803,v-206,Long Biên,Long Biên,Hà Nội,a1f3b6e4-2c9a-4c1b-b8a2-9c0d4fe71201,05:00,22:00
804,v-206,Long Biên,Long Biên,Hà Nội,a1f3b6e4-2c9a-4c1b-b8a2-9c0d4fe71201,05:00,22:00
805,v-206,Long Biên,Long Biên,Hà Nội,a1f3b6e4-2c9a-4c1b-b8a2-9c0d4fe71201,05:00,22:00
806,v-206,Long Biên,Long Biên,Hà Nội,a1f3b6e4-2c9a-4c1b-b8a2-9c0d4fe71201,05:00,22:00
807,v-206,Long Biên,Long Biên,Hà Nội,a1f3b6e4-2c9a-4c1b-b8a2-9c0d4fe71201,05:00,22:00
808,v-207,Quảng An,Tây Hồ,Hà Nội,e3a7b9d9-5c2f-4d33-b4c4-33f1d765cd02,05:00,22:00
809,v-207,Quảng An,Tây Hồ,Hà Nội,e3a7b9d9-5c2f-4d33-b4c4-33f1d765cd02,05:00,22:00
810,v-207,Quảng An,Tây Hồ,Hà Nội,e3a7b9d9-5c2f-4d33-b4c4-33f1d765cd02,05:00,22:00
811,v-207,Quảng An,Tây Hồ,Hà Nội,e3a7b9d9-5c2f-4d33-b4c4-33f1d765cd02,05:00,22:00
812,v-207,Quảng An,Tây Hồ,Hà Nội,e3a7b9d9-5c2f-4d33-b4c4-33f1d765cd02,05:00,22:00
813,v-208,Phúc Diễn,Bắc Từ Liêm,Hà Nội,e3a7b9d9-5c2f-4d33-b4c4-33f1d765cd05,05:00,22:00
814,v-208,Phúc Diễn,Bắc Từ Liêm,Hà Nội,e3a7b9d9-5c2f-4d33-b4c4-33f1d765cd05,05:00,22:00
815,v-208,Phúc Diễn,Bắc Từ Liêm,Hà Nội,e3a7b9d9-5c2f-4d33-b4c4-33f1d765cd05,05:00,22:00
816,v-208,Phúc Diễn,Bắc Từ Liêm,Hà Nội,e3a7b9d9-5c2f-4d33-b4c4-33f1d765cd05,05:00,22:00
817,v-208,Phúc Diễn,Bắc Từ Liêm,Hà Nội,e3a7b9d9-5c2f-4d33-b4c4-33f1d765cd05,05:00,22:00
818,v-209,Thanh Xuân Trung,Thanh Xuân,Hà Nội,e3a7b9d9-5c2f-4d33-b4c4-33f1d765cd02,05:00,22:00
819,v-209,Thanh Xuân Trung,Thanh Xuân,Hà Nội,e3a7b9d9-5c2f-4d33-b4c4-33f1d765cd02,05:00,22:00
820,v-209,Thanh Xuân Trung,Thanh Xuân,Hà Nội,e3a7b9d9-5c2f-4d33-b4c4-33f1d765cd02,05:00,22:00
821,v-209,Thanh Xuân Trung,Thanh Xuân,Hà Nội,e3a7b9d9-5c2f-4d33-b4c4-33f1d765cd02,05:00,22:00
822,v-209,Thanh Xuân Trung,Thanh Xuân,Hà Nội,e3a7b9d9-5c2f-4d33-b4c4-33f1d765cd02,05:00,22:00
823,v-210,Phương Liệt,Thanh Xuân,Hà Nội,e3a7b9d9-5c2f-4d33-b4c4-33f1d765cd04,05:00,22:00
824,v-210,Phương Liệt,Thanh Xuân,Hà Nội,e3a7b9d9-5c2f-4d33-b4c4-33f1d765cd04,05:00,22:00
825,v-210,Phương Liệt,Thanh Xuân,Hà Nội,e3a7b9d9-5c2f-4d33-b4c4-33f1d765cd04,05:00,22:00
826,v-210,Phương Liệt,Thanh Xuân,Hà Nội,e3a7b9d9-5c2f-4d33-b4c4-33f1d765cd04,05:00,22:00
827,v-210,Phương Liệt,Thanh Xuân,Hà Nội,e3a7b9d9-5c2f-4d33-b4c4-33f1d765cd04,05:00,22:00
828,v-211,Mỹ Đình 1,Nam Từ Liêm,Hà Nội,e3a7b9d9-5c2f-4d33-b4c4-33f1d765cd02,05:00,22:00
829,v-211,Mỹ Đình 1,Nam Từ Liêm,Hà Nội,e3a7b9d9-5c2f-4d33-b4c4-33f1d765cd02,05:00,22:00
830,v-211,Mỹ Đình 1,Nam Từ Liêm,Hà Nội,e3a7b9d9-5c2f-4d33-b4c4-33f1d765cd02,05:00,22:00
831,v-211,Mỹ Đình 1,Nam Từ Liêm,Hà Nội,e3a7b9d9-5c2f-4d33-b4c4-33f1d765cd02,05:00,22:00
832,v-211,Mỹ Đình 1,Nam Từ Liêm,Hà Nội,e3a7b9d9-5c2f-4d33-b4c4-33f1d765cd02,05:00,22:00
833,v-212,Phương Liệt,Thanh Xuân,Hà Nội,e3a7b9d9-5c2f-4d33-b4c4-33f1d765cd03,05:00,22:00
834,v-212,Phương Liệt,Thanh Xuân,Hà Nội,e3a7b9d9-5c2f-4d33-b4c4-33f1d765cd03,05:00,22:00
835,v-212,Phương Liệt,Thanh Xuân,Hà Nội,e3a7b9d9-5c2f-4d33-b4c4-33f1d765cd03,05:00,22:00
836,v-212,Phương Liệt,Thanh Xuân,Hà Nội,e3a7b9d9-5c2f-4d33-b4c4-33f1d765cd03,05:00,22:00
837,v-212,Phương Liệt,Thanh Xuân,Hà Nội,e3a7b9d9-5c2f-4d33-b4c4-33f1d765cd03,05:00,22:00
838,v-213,Trung Liệt,Đống Đa,Hà Nội,e3a7b9d9-5c2f-4d33-b4c4-33f1d765cd02,05:00,22:00
839,v-213,Trung Liệt,Đống Đa,Hà Nội,e3a7b9d9-5c2f-4d33-b4c4-33f1d765cd02,05:00,22:00
840,v-213,Trung Liệt,Đống Đa,Hà Nội,e3a7b9d9-5c2f-4d33-b4c4-33f1d765cd02,05:00,22:00
841,v-213,Trung Liệt,Đống Đa,Hà Nội,e3a7b9d9-5c2f-4d33-b4c4-33f1d765cd02,05:00,22:00
842,v-213,Trung Liệt,Đống Đa,Hà Nội,e3a7b9d9-5c2f-4d33-b4c4-33f1d765cd02,05:00,22:00
843,v-214,Phương Liên,Đống Đa,Hà Nội,a1f3b6e4-2c9a-4c1b-b8a2-9c0d4fe71201,05:00,22:00
844,v-214,Phương Liên,Đống Đa,Hà Nội,a1f3b6e4-2c9a-4c1b-b8a2-9c0d4fe71201,05:00,22:00
845,v-214,Phương Liên,Đống Đa,Hà Nội,a1f3b6e4-2c9a-4c1b-b8a2-9c0d4fe71201,05:00,22:00
846,v-214,Phương Liên,Đống Đa,Hà Nội,a1f3b6e4-2c9a-4c1b-b8a2-9c0d4fe71201,05:00,22:00
847,v-214,Phương Liên,Đống Đa,Hà Nội,a1f3b6e4-2c9a-4c1b-b8a2-9c0d4fe71201,05:00,22:00
848,v-215,Yên Phụ,Tây Hồ,Hà Nội,e3a7b9d9-5c2f-4d33-b4c4-33f1d765cd02,05:00,22:00
849,v-215,Yên Phụ,Tây Hồ,Hà Nội,e3a7b9d9-5c2f-4d33-b4c4-33f1d765cd02,05:00,22:00
850,v-215,Yên Phụ,Tây Hồ,Hà Nội,e3a7b9d9-5c2f-4d33-b4c4-33f1d765cd02,05:00,22:00
851,v-215,Yên Phụ,Tây Hồ,Hà Nội,e3a7b9d9-5c2f-4d33-b4c4-33f1d765cd02,05:00,22:00
852,v-215,Yên Phụ,Tây Hồ,Hà Nội,e3a7b9d9-5c2f-4d33-b4c4-33f1d765cd02,05:00,22:00
853,v-216,Trung Hoà,Cầu Giấy,Hà Nội,e3a7b9d9-5c2f-4d33-b4c4-33f1d765cd05,05:00,22:00
854,v-216,Trung Hoà,Cầu Giấy,Hà Nội,e3a7b9d9-5c2f-4d33-b4c4-33f1d765cd05,05:00,22:00
855,v-216,Trung Hoà,Cầu Giấy,Hà Nội,e3a7b9d9-5c2f-4d33-b4c4-33f1d765cd05,05:00,22:00
856,v-216,Trung Hoà,Cầu Giấy,Hà Nội,e3a7b9d9-5c2f-4d33-b4c4-33f1d765cd05,05:00,22:00
857,v-216,Trung Hoà,Cầu Giấy,Hà Nội,e3a7b9d9-5c2f-4d33-b4c4-33f1d765cd05,05:00,22:00
858,v-217,An Khánh,Hoài Đức,Hà Nội,e3a7b9d9-5c2f-4d33-b4c4-33f1d765cd02,05:00,22:00
859,v-217,An Khánh,Hoài Đức,Hà Nội,e3a7b9d9-5c2f-4d33-b4c4-33f1d765cd02,05:00,22:00
860,v-217,An Khánh,Hoài Đức,Hà Nội,e3a7b9d9-5c2f-4d33-b4c4-33f1d765cd02,05:00,22:00
861,v-217,An Khánh,Hoài Đức,Hà Nội,e3a7b9d9-5c2f-4d33-b4c4-33f1d765cd02,05:00,22:00
862,v-217,An Khánh,Hoài Đức,Hà Nội,e3a7b9d9-5c2f-4d33-b4c4-33f1d765cd02,05:00,22:00
863,v-218,An Khánh,Hoài Đức,Hà Nội,e3a7b9d9-5c2f-4d33-b4c4-33f1d765cd04,05:00,22:00
864,v-218,An Khánh,Hoài Đức,Hà Nội,e3a7b9d9-5c2f-4d33-b4c4-33f1d765cd04,05:00,22:00
865,v-218,An Khánh,Hoài Đức,Hà Nội,e3a7b9d9-5c2f-4d33-b4c4-33f1d765cd04,05:00,22:00
866,v-218,An Khánh,Hoài Đức,Hà Nội,e3a7b9d9-5c2f-4d33-b4c4-33f1d765cd04,05:00,22:00
867,v-218,An Khánh,Hoài Đức,Hà Nội,e3a7b9d9-5c2f-4d33-b4c4-33f1d765cd04,05:00,22:00
868,v-219,Nhật Tân,Tây Hồ,Hà Nội,e3a7b9d9-5c2f-4d33-b4c4-33f1d765cd02,05:00,22:00
869,v-219,Nhật Tân,Tây Hồ,Hà Nội,e3a7b9d9-5c2f-4d33-b4c4-33f1d765cd02,05:00,22:00
870,v-219,Nhật Tân,Tây Hồ,Hà Nội,e3a7b9d9-5c2f-4d33-b4c4-33f1d765cd02,05:00,22:00
871,v-219,Nhật Tân,Tây Hồ,Hà Nội,e3a7b9d9-5c2f-4d33-b4c4-33f1d765cd02,05:00,22:00
872,v-219,Nhật Tân,Tây Hồ,Hà Nội,e3a7b9d9-5c2f-4d33-b4c4-33f1d765cd02,05:00,22:00
873,v-220,Nhật Tân,Tây Hồ,Hà Nội,e3a7b9d9-5c2f-4d33-b4c4-33f1d765cd03,05:00,22:00
874,v-220,Nhật Tân,Tây Hồ,Hà Nội,e3a7b9d9-5c2f-4d33-b4c4-33f1d765cd03,05:00,22:00
875,v-220,Nhật Tân,Tây Hồ,Hà Nội,e3a7b9d9-5c2f-4d33-b4c4-33f1d765cd03,05:00,22:00
876,v-220,Nhật Tân,Tây Hồ,Hà Nội,e3a7b9d9-5c2f-4d33-b4c4-33f1d765cd03,05:00,22:00
877,v-220,Nhật Tân,Tây Hồ,Hà Nội,e3a7b9d9-5c2f-4d33-b4c4-33f1d765cd03,05:00,22:00
878,v-221,Thanh Liệt,Thanh Trì,Hà Nội,e3a7b9d9-5c2f-4d33-b4c4-33f1d765cd02,05:00,22:00
879,v-221,Thanh Liệt,Thanh Trì,Hà Nội,e3a7b9d9-5c2f-4d33-b4c4-33f1d765cd02,05:00,22:00
880,v-221,Thanh Liệt,Thanh Trì,Hà Nội,e3a7b9d9-5c2f-4d33-b4c4-33f1d765cd02,05:00,22:00
881,v-221,Thanh Liệt,Thanh Trì,Hà Nội,e3a7b9d9-5c2f-4d33-b4c4-33f1d765cd02,05:00,22:00
882,v-221,Thanh Liệt,Thanh Trì,Hà Nội,e3a7b9d9-5c2f-4d33-b4c4-33f1d765cd02,05:00,22:00
883,v-222,Mỹ Đình 1,Nam Từ Liêm,Hà Nội,a1f3b6e4-2c9a-4c1b-b8a2-9c0d4fe71201,05:00,22:00
884,v-222,Mỹ Đình 1,Nam Từ Liêm,Hà Nội,a1f3b6e4-2c9a-4c1b-b8a2-9c0d4fe71201,05:00,22:00
885,v-222,Mỹ Đình 1,Nam Từ Liêm,Hà Nội,a1f3b6e4-2c9a-4c1b-b8a2-9c0d4fe71201,05:00,22:00
886,v-222,Mỹ Đình 1,Nam Từ Liêm,Hà Nội,a1f3b6e4-2c9a-4c1b-b8a2-9c0d4fe71201,05:00,22:00
887,v-222,Mỹ Đình 1,Nam Từ Liêm,Hà Nội,a1f3b6e4-2c9a-4c1b-b8a2-9c0d4fe71201,05:00,22:00
888,v-223,An Khánh,Hoài Đức,Hà Nội,e3a7b9d9-5c2f-4d33-b4c4-33f1d765cd02,05:00,22:00
889,v-223,An Khánh,Hoài Đức,Hà Nội,e3a7b9d9-5c2f-4d33-b4c4-33f1d765cd02,05:00,22:00
890,v-223,An Khánh,Hoài Đức,Hà Nội,e3a7b9d9-5c2f-4d33-b4c4-33f1d765cd02,05:00,22:00
891,v-223,An Khánh,Hoài Đức,Hà Nội,e3a7b9d9-5c2f-4d33-b4c4-33f1d765cd02,05:00,22:00
892,v-223,An Khánh,Hoài Đức,Hà Nội,e3a7b9d9-5c2f-4d33-b4c4-33f1d765cd02,05:00,22:00
893,v-224,Mỹ Đình 1,Nam Từ Liêm,Hà Nội,e3a7b9d9-5c2f-4d33-b4c4-33f1d765cd05,05:00,22:00
894,v-224,Mỹ Đình 1,Nam Từ Liêm,Hà Nội,e3a7b9d9-5c2f-4d33-b4c4-33f1d765cd05,05:00,22:00
895,v-224,Mỹ Đình 1,Nam Từ Liêm,Hà Nội,e3a7b9d9-5c2f-4d33-b4c4-33f1d765cd05,05:00,22:00
896,v-224,Mỹ Đình 1,Nam Từ Liêm,Hà Nội,e3a7b9d9-5c2f-4d33-b4c4-33f1d765cd05,05:00,22:00
897,v-224,Mỹ Đình 1,Nam Từ Liêm,Hà Nội,e3a7b9d9-5c2f-4d33-b4c4-33f1d765cd05,05:00,22:00
898,v-225,Bồ Đề,Long Biên,Hà Nội,e3a7b9d9-5c2f-4d33-b4c4-33f1d765cd02,05:00,22:00
899,v-225,Bồ Đề,Long Biên,Hà Nội,e3a7b9d9-5c2f-4d33-b4c4-33f1d765cd02,05:00,22:00
900,v-225,Bồ Đề,Long Biên,Hà Nội,e3a7b9d9-5c2f-4d33-b4c4-33f1d765cd02,05:00,22:00
901,v-225,Bồ Đề,Long Biên,Hà Nội,e3a7b9d9-5c2f-4d33-b4c4-33f1d765cd02,05:00,22:00
902,v-225,Bồ Đề,Long Biên,Hà Nội,e3a7b9d9-5c2f-4d33-b4c4-33f1d765cd02,05:00,22:00
903,v-226,Bồ Đề,Long Biên,Hà Nội,e3a7b9d9-5c2f-4d33-b4c4-33f1d765cd04,05:00,22:00
904,v-226,Bồ Đề,Long Biên,Hà Nội,e3a7b9d9-5c2f-4d33-b4c4-33f1d765cd04,05:00,22:00
905,v-226,Bồ Đề,Long Biên,Hà Nội,e3a7b9d9-5c2f-4d33-b4c4-33f1d765cd04,05:00,22:00
906,v-226,Bồ Đề,Long Biên,Hà Nội,e3a7b9d9-5c2f-4d33-b4c4-33f1d765cd04,05:00,22:00
907,v-226,Bồ Đề,Long Biên,Hà Nội,e3a7b9d9-5c2f-4d33-b4c4-33f1d765cd04,05:00,22:00
908,v-227,Hoàng Liệt,Hoàng Mai,Hà Nội,e3a7b9d9-5c2f-4d33-b4c4-33f1d765cd02,05:00,22:00
909,v-227,Hoàng Liệt,Hoàng Mai,Hà Nội,e3a7b9d9-5c2f-4d33-b4c4-33f1d765cd02,05:00,22:00
910,v-227,Hoàng Liệt,Hoàng Mai,Hà Nội,e3a7b9d9-5c2f-4d33-b4c4-33f1d765cd02,05:00,22:00
911,v-227,Hoàng Liệt,Hoàng Mai,Hà Nội,e3a7b9d9-5c2f-4d33-b4c4-33f1d765cd02,05:00,22:00
912,v-227,Hoàng Liệt,Hoàng Mai,Hà Nội,e3a7b9d9-5c2f-4d33-b4c4-33f1d765cd02,05:00,22:00
913,v-228,Quang Trung,Đống Đa,Hà Nội,e3a7b9d9-5c2f-4d33-b4c4-33f1d765cd03,05:00,22:00
914,v-228,Quang Trung,Đống Đa,Hà Nội,e3a7b9d9-5c2f-4d33-b4c4-33f1d765cd03,05:00,22:00
915,v-228,Quang Trung,Đống Đa,Hà Nội,e3a7b9d9-5c2f-4d33-b4c4-33f1d765cd03,05:00,22:00
916,v-228,Quang Trung,Đống Đa,Hà Nội,e3a7b9d9-5c2f-4d33-b4c4-33f1d765cd03,05:00,22:00
917,v-228,Quang Trung,Đống Đa,Hà Nội,e3a7b9d9-5c2f-4d33-b4c4-33f1d765cd03,05:00,22:00
918,v-229,Hàng Bột,Đống Đa,Hà Nội,e3a7b9d9-5c2f-4d33-b4c4-33f1d765cd02,05:00,22:00
919,v-229,Hàng Bột,Đống Đa,Hà Nội,e3a7b9d9-5c2f-4d33-b4c4-33f1d765cd02,05:00,22:00
920,v-229,Hàng Bột,Đống Đa,Hà Nội,e3a7b9d9-5c2f-4d33-b4c4-33f1d765cd02,05:00,22:00
921,v-229,Hàng Bột,Đống Đa,Hà Nội,e3a7b9d9-5c2f-4d33-b4c4-33f1d765cd02,05:00,22:00
922,v-229,Hàng Bột,Đống Đa,Hà Nội,e3a7b9d9-5c2f-4d33-b4c4-33f1d765cd02,05:00,22:00
923,v-230,Quang Trung,Đống Đa,Hà Nội,a1f3b6e4-2c9a-4c1b-b8a2-9c0d4fe71201,05:00,22:00
924,v-230,Quang Trung,Đống Đa,Hà Nội,a1f3b6e4-2c9a-4c1b-b8a2-9c0d4fe71201,05:00,22:00
925,v-230,Quang Trung,Đống Đa,Hà Nội,a1f3b6e4-2c9a-4c1b-b8a2-9c0d4fe71201,05:00,22:00
926,v-230,Quang Trung,Đống Đa,Hà Nội,a1f3b6e4-2c9a-4c1b-b8a2-9c0d4fe71201,05:00,22:00
927,v-230,Quang Trung,Đống Đa,Hà Nội,a1f3b6e4-2c9a-4c1b-b8a2-9c0d4fe71201,05:00,22:00
928,v-231,Thành Công,Ba Đình,Hà Nội,e3a7b9d9-5c2f-4d33-b4c4-33f1d765cd02,05:00,22:00
929,v-231,Thành Công,Ba Đình,Hà Nội,e3a7b9d9-5c2f-4d33-b4c4-33f1d765cd02,05:00,22:00
930,v-231,Thành Công,Ba Đình,Hà Nội,e3a7b9d9-5c2f-4d33-b4c4-33f1d765cd02,05:00,22:00
931,v-231,Thành Công,Ba Đình,Hà Nội,e3a7b9d9-5c2f-4d33-b4c4-33f1d765cd02,05:00,22:00
932,v-231,Thành Công,Ba Đình,Hà Nội,e3a7b9d9-5c2f-4d33-b4c4-33f1d765cd02,05:00,22:00
933,v-232,Tứ Liên,Tây Hồ,Hà Nội,e3a7b9d9-5c2f-4d33-b4c4-33f1d765cd05,05:00,22:00
934,v-232,Tứ Liên,Tây Hồ,Hà Nội,e3a7b9d9-5c2f-4d33-b4c4-33f1d765cd05,05:00,22:00
935,v-232,Tứ Liên,Tây Hồ,Hà Nội,e3a7b9d9-5c2f-4d33-b4c4-33f1d765cd05,05:00,22:00
936,v-232,Tứ Liên,Tây Hồ,Hà Nội,e3a7b9d9-5c2f-4d33-b4c4-33f1d765cd05,05:00,22:00
937,v-232,Tứ Liên,Tây Hồ,Hà Nội,e3a7b9d9-5c2f-4d33-b4c4-33f1d765cd05,05:00,22:00
938,v-233,Long Biên,Long Biên,Hà Nội,e3a7b9d9-5c2f-4d33-b4c4-33f1d765cd02,05:00,22:00
939,v-233,Long Biên,Long Biên,Hà Nội,e3a7b9d9-5c2f-4d33-b4c4-33f1d765cd02,05:00,22:00
940,v-233,Long Biên,Long Biên,Hà Nội,e3a7b9d9-5c2f-4d33-b4c4-33f1d765cd02,05:00,22:00
941,v-233,Long Biên,Long Biên,Hà Nội,e3a7b9d9-5c2f-4d33-b4c4-33f1d765cd02,05:00,22:00
942,v-233,Long Biên,Long Biên,Hà Nội,e3a7b9d9-5c2f-4d33-b4c4-33f1d765cd02,05:00,22:00
943,v-234,Bưởi,Tây Hồ,Hà Nội,e3a7b9d9-5c2f-4d33-b4c4-33f1d765cd04,05:00,22:00
944,v-234,Bưởi,Tây Hồ,Hà Nội,e3a7b9d9-5c2f-4d33-b4c4-33f1d765cd04,05:00,22:00
945,v-234,Bưởi,Tây Hồ,Hà Nội,e3a7b9d9-5c2f-4d33-b4c4-33f1d765cd04,05:00,22:00
946,v-234,Bưởi,Tây Hồ,Hà Nội,e3a7b9d9-5c2f-4d33-b4c4-33f1d765cd04,05:00,22:00
947,v-234,Bưởi,Tây Hồ,Hà Nội,e3a7b9d9-5c2f-4d33-b4c4-33f1d765cd04,05:00,22:00
948,v-235,Bách Khoa,Hai Bà Trưng,Hà Nội,e3a7b9d9-5c2f-4d33-b4c4-33f1d765cd02,05:00,22:00
949,v-235,Bách Khoa,Hai Bà Trưng,Hà Nội,e3a7b9d9-5c2f-4d33-b4c4-33f1d765cd02,05:00,22:00
950,v-235,Bách Khoa,Hai Bà Trưng,Hà Nội,e3a7b9d9-5c2f-4d33-b4c4-33f1d765cd02,05:00,22:00
951,v-235,Bách Khoa,Hai Bà Trưng,Hà Nội,e3a7b9d9-5c2f-4d33-b4c4-33f1d765cd02,05:00,22:00
952,v-235,Bách Khoa,Hai Bà Trưng,Hà Nội,e3a7b9d9-5c2f-4d33-b4c4-33f1d765cd02,05:00,22:00
953,v-236,Việt Hưng,Long Biên,Hà Nội,e3a7b9d9-5c2f-4d33-b4c4-33f1d765cd03,05:00,22:00
954,v-236,Việt Hưng,Long Biên,Hà Nội,e3a7b9d9-5c2f-4d33-b4c4-33f1d765cd03,05:00,22:00
955,v-236,Việt Hưng,Long Biên,Hà Nội,e3a7b9d9-5c2f-4d33-b4c4-33f1d765cd03,05:00,22:00
956,v-236,Việt Hưng,Long Biên,Hà Nội,e3a7b9d9-5c2f-4d33-b4c4-33f1d765cd03,05:00,22:00
957,v-236,Việt Hưng,Long Biên,Hà Nội,e3a7b9d9-5c2f-4d33-b4c4-33f1d765cd03,05:00,22:00
958,v-237,Dịch Vọng,Cầu Giấy,Hà Nội,e3a7b9d9-5c2f-4d33-b4c4-33f1d765cd02,05:00,22:00
959,v-237,Dịch Vọng,Cầu Giấy,Hà Nội,e3a7b9d9-5c2f-4d33-b4c4-33f1d765cd02,05:00,22:00
960,v-237,Dịch Vọng,Cầu Giấy,Hà Nội,e3a7b9d9-5c2f-4d33-b4c4-33f1d765cd02,05:00,22:00
961,v-237,Dịch Vọng,Cầu Giấy,Hà Nội,e3a7b9d9-5c2f-4d33-b4c4-33f1d765cd02,05:00,22:00
962,v-237,Dịch Vọng,Cầu Giấy,Hà Nội,e3a7b9d9-5c2f-4d33-b4c4-33f1d765cd02,05:00,22:00
963,v-238,Phúc Xá,Ba Đình,Hà Nội,a1f3b6e4-2c9a-4c1b-b8a2-9c0d4fe71201,05:00,22:00
964,v-238,Phúc Xá,Ba Đình,Hà Nội,a1f3b6e4-2c9a-4c1b-b8a2-9c0d4fe71201,05:00,22:00
965,v-238,Phúc Xá,Ba Đình,Hà Nội,a1f3b6e4-2c9a-4c1b-b8a2-9c0d4fe71201,05:00,22:00
966,v-238,Phúc Xá,Ba Đình,Hà Nội,a1f3b6e4-2c9a-4c1b-b8a2-9c0d4fe71201,05:00,22:00
967,v-238,Phúc Xá,Ba Đình,Hà Nội,a1f3b6e4-2c9a-4c1b-b8a2-9c0d4fe71201,05:00,22:00
968,v-239,Gia Thụy,Long Biên,Hà Nội,e3a7b9d9-5c2f-4d33-b4c4-33f1d765cd02,05:00,22:00
969,v-239,Gia Thụy,Long Biên,Hà Nội,e3a7b9d9-5c2f-4d33-b4c4-33f1d765cd02,05:00,22:00
970,v-239,Gia Thụy,Long Biên,Hà Nội,e3a7b9d9-5c2f-4d33-b4c4-33f1d765cd02,05:00,22:00
971,v-239,Gia Thụy,Long Biên,Hà Nội,e3a7b9d9-5c2f-4d33-b4c4-33f1d765cd02,05:00,22:00
972,v-239,Gia Thụy,Long Biên,Hà Nội,e3a7b9d9-5c2f-4d33-b4c4-33f1d765cd02,05:00,22:00
973,v-240,Hàng Bột,Đống Đa,Hà Nội,e3a7b9d9-5c2f-4d33-b4c4-33f1d765cd05,05:00,22:00
974,v-240,Hàng Bột,Đống Đa,Hà Nội,e3a7b9d9-5c2f-4d33-b4c4-33f1d765cd05,05:00,22:00
975,v-240,Hàng Bột,Đống Đa,Hà Nội,e3a7b9d9-5c2f-4d33-b4c4-33f1d765cd05,05:00,22:00
976,v-240,Hàng Bột,Đống Đa,Hà Nội,e3a7b9d9-5c2f-4d33-b4c4-33f1d765cd05,05:00,22:00
977,v-240,Hàng Bột,Đống Đa,Hà Nội,e3a7b9d9-5c2f-4d33-b4c4-33f1d765cd05,05:00,22:00
978,v-241,Hàng Bột,Đống Đa,Hà Nội,e3a7b9d9-5c2f-4d33-b4c4-33f1d765cd02,05:00,22:00
979,v-241,Hàng Bột,Đống Đa,Hà Nội,e3a7b9d9-5c2f-4d33-b4c4-33f1d765cd02,05:00,22:00
980,v-241,Hàng Bột,Đống Đa,Hà Nội,e3a7b9d9-5c2f-4d33-b4c4-33f1d765cd02,05:00,22:00
981,v-241,Hàng Bột,Đống Đa,Hà Nội,e3a7b9d9-5c2f-4d33-b4c4-33f1d765cd02,05:00,22:00
982,v-241,Hàng Bột,Đống Đa,Hà Nội,e3a7b9d9-5c2f-4d33-b4c4-33f1d765cd02,05:00,22:00
983,v-242,Đại Kim,Hoàng Mai,Hà Nội,e3a7b9d9-5c2f-4d33-b4c4-33f1d765cd04,05:00,22:00
984,v-242,Đại Kim,Hoàng Mai,Hà Nội,e3a7b9d9-5c2f-4d33-b4c4-33f1d765cd04,05:00,22:00
985,v-242,Đại Kim,Hoàng Mai,Hà Nội,e3a7b9d9-5c2f-4d33-b4c4-33f1d765cd04,05:00,22:00
986,v-242,Đại Kim,Hoàng Mai,Hà Nội,e3a7b9d9-5c2f-4d33-b4c4-33f1d765cd04,05:00,22:00
987,v-242,Đại Kim,Hoàng Mai,Hà Nội,e3a7b9d9-5c2f-4d33-b4c4-33f1d765cd04,05:00,22:00
988,v-243,Thượng Thanh,Long Biên,Hà Nội,e3a7b9d9-5c2f-4d33-b4c4-33f1d765cd02,05:00,22:00
989,v-243,Thượng Thanh,Long Biên,Hà Nội,e3a7b9d9-5c2f-4d33-b4c4-33f1d765cd02,05:00,22:00
990,v-243,Thượng Thanh,Long Biên,Hà Nội,e3a7b9d9-5c2f-4d33-b4c4-33f1d765cd02,05:00,22:00
991,v-243,Thượng Thanh,Long Biên,Hà Nội,e3a7b9d9-5c2f-4d33-b4c4-33f1d765cd02,05:00,22:00
992,v-243,Thượng Thanh,Long Biên,Hà Nội,e3a7b9d9-5c2f-4d33-b4c4-33f1d765cd02,05:00,22:00
993,v-244,Láng Hạ,Đống Đa,Hà Nội,e3a7b9d9-5c2f-4d33-b4c4-33f1d765cd03,05:00,22:00
994,v-244,Láng Hạ,Đống Đa,Hà Nội,e3a7b9d9-5c2f-4d33-b4c4-33f1d765cd03,05:00,22:00
995,v-244,Láng Hạ,Đống Đa,Hà Nội,e3a7b9d9-5c2f-4d33-b4c4-33f1d765cd03,05:00,22:00
996,v-244,Láng Hạ,Đống Đa,Hà Nội,e3a7b9d9-5c2f-4d33-b4c4-33f1d765cd03,05:00,22:00
997,v-244,Láng Hạ,Đống Đa,Hà Nội,e3a7b9d9-5c2f-4d33-b4c4-33f1d765cd03,05:00,22:00
998,v-245,Tân Triều,Thanh Trì,Hà Nội,e3a7b9d9-5c2f-4d33-b4c4-33f1d765cd02,05:00,22:00
999,v-245,Tân Triều,Thanh Trì,Hà Nội,e3a7b9d9-5c2f-4d33-b4c4-33f1d765cd02,05:00,22:00
1000,v-245,Tân Triều,Thanh Trì,Hà Nội,e3a7b9d9-5c2f-4d33-b4c4-33f1d765cd02,05:00,22:00
1001,v-245,Tân Triều,Thanh Trì,Hà Nội,e3a7b9d9-5c2f-4d33-b4c4-33f1d765cd02,05:00,22:00
1002,v-245,Tân Triều,Thanh Trì,Hà Nội,e3a7b9d9-5c2f-4d33-b4c4-33f1d765cd02,05:00,22:00
1003,v-246,Định Công,Hoàng Mai,Hà Nội,a1f3b6e4-2c9a-4c1b-b8a2-9c0d4fe71201,05:00,22:00
1004,v-246,Định Công,Hoàng Mai,Hà Nội,a1f3b6e4-2c9a-4c1b-b8a2-9c0d4fe71201,05:00,22:00
1005,v-246,Định Công,Hoàng Mai,Hà Nội,a1f3b6e4-2c9a-4c1b-b8a2-9c0d4fe71201,05:00,22:00
1006,v-246,Định Công,Hoàng Mai,Hà Nội,a1f3b6e4-2c9a-4c1b-b8a2-9c0d4fe71201,05:00,22:00
1007,v-246,Định Công,Hoàng Mai,Hà Nội,a1f3b6e4-2c9a-4c1b-b8a2-9c0d4fe71201,05:00,22:00
1008,v-247,Bạch Đằng,Hai Bà Trưng,Hà Nội,e3a7b9d9-5c2f-4d33-b4c4-33f1d765cd02,05:00,22:00
1009,v-247,Bạch Đằng,Hai Bà Trưng,Hà Nội,e3a7b9d9-5c2f-4d33-b4c4-33f1d765cd02,05:00,22:00
1010,v-247,Bạch Đằng,Hai Bà Trưng,Hà Nội,e3a7b9d9-5c2f-4d33-b4c4-33f1d765cd02,05:00,22:00
1011,v-247,Bạch Đằng,Hai Bà Trưng,Hà Nội,e3a7b9d9-5c2f-4d33-b4c4-33f1d765cd02,05:00,22:00
1012,v-247,Bạch Đằng,Hai Bà Trưng,Hà Nội,e3a7b9d9-5c2f-4d33-b4c4-33f1d765cd02,05:00,22:00
1013,v-248,Dịch Vọng,Cầu Giấy,Hà Nội,e3a7b9d9-5c2f-4d33-b4c4-33f1d765cd05,05:00,22:00
1014,v-248,Dịch Vọng,Cầu Giấy,Hà Nội,e3a7b9d9-5c2f-4d33-b4c4-33f1d765cd05,05:00,22:00
1015,v-248,Dịch Vọng,Cầu Giấy,Hà Nội,e3a7b9d9-5c2f-4d33-b4c4-33f1d765cd05,05:00,22:00
1016,v-248,Dịch Vọng,Cầu Giấy,Hà Nội,e3a7b9d9-5c2f-4d33-b4c4-33f1d765cd05,05:00,22:00
1017,v-248,Dịch Vọng,Cầu Giấy,Hà Nội,e3a7b9d9-5c2f-4d33-b4c4-33f1d765cd05,05:00,22:00
